たれめしおむすび（うなぎめし風）,120,https://www.family.co.jp/goods/omusubi/0411738.html,うなぎの甘辛いたれが染み込んだご飯をイメージしたまぶし飯に、うなぎ風味かまぼこを包みました。
ほたてづくしおむすび,145,https://www.family.co.jp/goods/omusubi/0411769.html,刻みほたて貝をご飯に混ぜ込み、中にもほたて煮を入れました。旨みがしっかり感じられるほたて好きの方に食べていただきたいおむすびです。
キムチ炒飯おむすび,130,https://www.family.co.jp/goods/omusubi/0411776.html,キムチを使用した旨辛さがあとひく炒飯おむすびです。味付けに牛肉ダシダを使用することでコクと旨みを加えました。
牛すきおむすび,198,https://www.family.co.jp/goods/omusubi/0416887.html,国産黒毛和牛を使用、だしをきかせた醤油などで味付けした牛すきを包んだおむすびです。
とろっと煮玉子,230,https://www.family.co.jp/goods/omusubi/0411493.html,かつおだしの風味と椎茸や昆布の味わい深いコクのある炊き込みご飯に、黄身がとろっとしている半熟玉子をまるごと包んだボリュームのあるおむすびです。
海老カツおむすび,198,https://www.family.co.jp/goods/omusubi/0416894.html,海老カツを外にドーン！と張り付け、中には海老マヨネーズを入れました。海老カツは、海老と魚介のすり身、玉ねぎなどを加え、ジューシーで海老の風味を感じられます。
スーパー大麦　野沢菜ちりめん,128,https://www.family.co.jp/goods/omusubi/0411585.html,スーパー大麦入りのごはんにさっぱりとした野沢菜と相性の良いちりめんを混ぜ込んだおむすびです。ぷちぷちとした食感が楽しめる大麦のほんのりと感じる甘みが特徴です。※宮崎県、鹿児島県では取り扱いがございません。
直巻　焼しゃけ,128,https://www.family.co.jp/goods/omusubi/0411622.html,鮭の旨みをしっかりと味わえる一品です。藻塩を使用した、旨味がありまろやかな味わいが特徴です。
青磯海苔　鮭とろ明太子,140,https://www.family.co.jp/goods/omusubi/0410823.html,磯の風味が豊かな味付海苔を使用しました。ピリッと辛い明太子と、脂ののったサーモンの組み合わせです。旨味のある明太子が味のポイントです。※宮崎県、鹿児島県では取り扱いがございません。
梅づくしおむすび,128,https://www.family.co.jp/goods/omusubi/0411639.html,ごはんにカリカリ梅とゆかりを混ぜ込み、種抜きの粒梅を1個トッピングしました。梅の食感・風味がしっかり感じられるおむすびです。
とろさばおむすび,168,https://www.family.co.jp/goods/omusubi/0416849.html,宮城県塩釜港水揚げの脂乗りの良いとろさばを使用しました。塩麹で熟成することで、旨みを凝縮したさばを包んだおむすびです。※宮崎県、鹿児島県では取り扱いがございません。
スーパー大麦　紅鮭わかめ,128,https://www.family.co.jp/goods/omusubi/0411479.html,スーパー大麦入りのごはんに、鮭と相性の良いわかめを組み合わせました。ぷちぷちとした食感が楽しめる大麦のほんのりと感じる甘みが特徴です。※宮崎県、鹿児島県では取り扱いがございません。
塩麹熟成鮭はらみおむすび,180,https://www.family.co.jp/goods/omusubi/0416795.html,塩麹を使用し熟成した脂乗りの良い鮭のはらみを香ばしく焼き上げて包みました。
ビビンバ風おむすび,140,https://www.family.co.jp/goods/omusubi/0411707.html,キムチと辛味のあるコチュジャンを使用したビビンバ風のおむすびです。ご飯には人参・ほうれん草・キムチを混ぜ込み、中に肉そぼろを入れました。※東海地方の一部では取り扱いがございません。
バラエティおかず＆おむすび,368,https://www.family.co.jp/goods/omusubi/0414456.html,お弁当でも人気のあるハンバーグ・メンチカツ・唐揚のほか、ゆで卵、ウインナー、ナポリタンを加えたバラエティ感のあるおかずの組み合わせです。※北海道では仕様が異なります。
手巻　日高昆布,118,https://www.family.co.jp/goods/omusubi/0410762.html,昆布を炊いた後に、旨味の強い再仕込み醤油で和える一手間を加える事で、旨み・風味をアップさせました。じっくり炊き込みふっくらとした昆布が特徴です。
おむすび2ケ入,198,https://www.family.co.jp/goods/omusubi/0414418.html,焼鮭・ツナマヨネーズのおむすびと、たくあんの組み合わせです。
直巻　明太子マヨネーズ,128,https://www.family.co.jp/goods/omusubi/0411677.html,2種類の明太子を使用した、マヨネーズのコクと明太子の辛みが特徴のおむすびです。
3種おむすびとおかずセット,298,https://www.family.co.jp/goods/omusubi/0414432.html,ツナマヨネーズ、梅、昆布のおむすびと唐揚げ、厚焼き玉子の組み合わせです。
手巻　紀州南高梅,120,https://www.family.co.jp/goods/omusubi/0410724.html,紀州産の梅肉と国産の赤しそを使用し、より味わい深くするために昆布エキスを追加して旨味をアップしました。
直巻　とり五目,124,https://www.family.co.jp/goods/omusubi/0411929.html,人参、しいたけ、ごぼう、鶏油等で炊き上げ、米の中まで旨味の入ったご飯が特徴です。鶏油を増やす事で、鶏の旨みとごぼう等の野菜の旨みをより感じられる味付けにしました。
せいろ蒸し赤飯,130,https://www.family.co.jp/goods/omusubi/0412568.html,粒・艶の良い北海道産大納言を使用しました。小豆の鮮やかな色合いを引き出した仕立てです。小豆本来のシンプルな風味が楽しめる赤飯おむすびです。
直巻　和風ツナマヨネーズ,118,https://www.family.co.jp/goods/omusubi/0411721.html,一口目から出汁の旨味を感じる仕立てにしました。ご飯はうまみ成分の異なるだしを複数種類組み合わせることで、口に入れた際にだしの香りが広がる仕立てにしました。具材の味付けには、濃厚で旨味の強い焼津産まぐろ節だしを使用し、旨味・風味をアップしました。
手巻　紅しゃけ,150,https://www.family.co.jp/goods/omusubi/0410540.html,鮭の熟成時に使用している塩を、藻塩に変更する事でより旨味をアップしました。また、身の焼成時に、身全体の炙り工程を追加することで風味アップさせました。
手巻　辛子明太子,147,https://www.family.co.jp/goods/omusubi/0410700.html,一粒一粒の食感が感じられる辛子明太子を使用しました。こだわりのかつお出汁・昆布出汁を使用し、まろやかで上品な味わいに仕上げました。
手巻　シーチキンマヨネーズ,118,https://www.family.co.jp/goods/omusubi/0410694.html,シーチキンとマヨネーズの配合を見直し、より旨味やコクのある仕立てに変更しました。調味料には、濃厚で旨味の強い焼津産まぐろ節出汁を使用し、旨味・風味をアップしました。
牛カルビ焼肉カレー,598,https://www.family.co.jp/goods/obento/0614047.html,ごはんよりも牛カルビ焼肉とカレーが多い、ボリューム感のあるお弁当です。香ばしく炙り焼きをした牛カルビ肉は、甘めのタレと、にんにくの風味をきかせた醤油ダレで味付けしました。
塩麹仕立てのさばほぐしごはん（スーパー大麦入り）,330,https://www.family.co.jp/goods/obento/0614498.html,食物繊維が通常の大麦に比べ多く含まれているスーパー大麦入りご飯に、オーブンで焼き上げ醤油で和えた鯖のほぐし身、錦糸玉子、漬物などをトッピングしました。
甘辛牛焼肉とおくら丼,530,https://www.family.co.jp/goods/obento/0731744.html,牛肉を使用したボリューム感のあるお弁当です。牛肉は醤油、三温糖、ごま油などで、ごはんに合うよう甘辛く味付けしました。箸休めにおくらと漬物を添えました。
山賊焼き弁当,530,https://www.family.co.jp/goods/obento/0616300.html,鶏もも肉を使用したボリューム感のあるお弁当です。やわらかくジューシーに揚げた鶏肉は、にんにくをきかせた醤油ベースの濃い目の味付けが特徴です。
魚介の旨み！ミニエビピラフ,298,https://www.family.co.jp/goods/obento/0731706.html,魚介の風味、野菜の旨みが楽しめるピラフに海老、コーン、人参、グリーンピースを盛り付けました。
ミニ海苔弁当,330,https://www.family.co.jp/goods/obento/0614337.html,定番の明太海苔弁当をミニサイズにしました。ごはんの上にはおかか、海苔、明太子をトッピングしました。おかずは白身魚フライ、玉子焼き、ごぼう人参きんぴらなどを盛り合わせました。※宮崎県、鹿児島県では取り扱いがございません。
にんにく醤油だれが決め手！スタミナ豚焼肉丼,530,https://www.family.co.jp/goods/obento/0614122.html,にんにく、醤油などで漬け込んだ豚バラ肉を、香ばしく炙り焼きをしてごはんの上に盛り付けました。相性の良いマヨソースをトッピングしました。
大豆のお肉！旨辛担々丼,498,https://www.family.co.jp/goods/obento/0731850.html,汁なし担々麺のような見た目、味わいを丼ぶりで再現しました。豆板醤や甜面醤、花椒などで炒め、辛めに仕上げた大豆ミートが特徴です。もやしや人参を使用したナムル、小松菜、メンマ、小エビ、アーモンドなどを盛り付けました。※宮崎県、鹿児島県では取り扱いがございません。
炙り焼三元豚のカルビ重（麦飯）,398,https://www.family.co.jp/goods/obento/0614276.html,香ばしく炙り焼きをした、三元豚のカルビ肉を使用しました。ごま油の風味と、コクが感じられる塩だれが特徴です。付け合わせは、2種類のナムルと漬物を盛り付けました。※東北地方の一部、宮崎県、鹿児島県では取り扱いがございません。
海老チリ丼,498,https://www.family.co.jp/goods/obento/0731782.html,中華で人気の高い海老チリを丼ぶりにしました。しょうが・にんにく・豆板醤などを炒めて香りを引き出した、本格的な味わいの海老チリソースに、衣を付けた海老をトッピングしました。※東海地方では仕様が異なります。
特製ダレの炙り焼牛カルビ重,550,https://www.family.co.jp/goods/obento/0614214.html,旨みのあるジューシーな牛カルビ肉を、直火で香ばしく炙り焼きしました。甘み、コクが感じられる風味豊かな焼肉たれを使用しています。付け合わせは、もやし・にんじん・ニラのナムルを盛り付けました。※宮崎県、鹿児島県では取り扱いがございません。※北海道、沖縄県では仕様が異なります。
鶏めし&みぞれチキンカツ弁当,498,https://www.family.co.jp/goods/obento/0616171.html,鶏の旨みが楽しめる鶏めしと、チキンカツを組み合わせた食べごたえのあるお弁当です。鶏もも肉のチキンカツには、甘めに仕上げただし醤油味のたれと、大根おろしをのせました。※東北地方の一部では取り扱いがございません。※九州地方の一部では仕様が異なります。
牛肉重（キャベツ入り）,540,https://www.family.co.jp/goods/obento/0731775.html,牛肉とキャベツを一緒に食べていただくお弁当です。牛肉は白ワイン・りんご果汁入りの調味液で煮込み、ごま油などで、香ばしく風味付けしました。千切りキャベツはごま油を和えて、牛肉の下に盛り付けしました。
チャーシュー炒飯,398,https://www.family.co.jp/goods/obento/0614535.html,醤油ベースでシンプルに味付けし、焦がしねぎ油で風味良く仕上げた、旨みのある炒飯です。甘辛いタレで和えたチャーシューをトッピングしました。
やわらか若鶏の唐揚弁当,460,https://www.family.co.jp/goods/obento/0616270.html,唐揚と相性が良いマヨネーズをお好みで付けながら食べていただくお弁当です。唐揚はにんにくをきかせた醤油ベースの味付けで、やわらかくジューシーな味わいが特徴です。別添で「マヨネーズ」付きです。※宮崎県、鹿児島県では取り扱いがございません。
とろーり3種チーズの豚丼,498,https://www.family.co.jp/goods/obento/0731690.html,ゴーダ、モザレラ、チェダーの3種のチーズと、チーズソースを使用した、チーズを楽しむ豚丼です。醤油、みりん、昆布だしなどを合わせた、コクと旨みが感じられる甘めのたれが特徴です。※宮崎県、鹿児島県では取り扱いがございません。
だし香る！ロースかつ丼,550,https://www.family.co.jp/goods/obento/0731713.html,やわらかくジューシーに仕上げた豚ロースカツを使用したボリューム感のあるカツ丼です。かつお節と昆布を使用した旨みのあるだしで仕上げました。※九州地方の一部では仕様が異なります。
【東京都・神奈川県限定】大豆のお肉！キーマカレー,498,https://www.family.co.jp/goods/obento/0731720.html,お肉の代わりに大豆ミートを使用したカレーに、かぼちゃ、たまねぎ、れんこん、にんじんなどをトッピングしました。動物性原料を使用しておらず、日本ベジタリアン協会推奨マークを取得したお弁当です。※一部の店舗のみの取り扱いです。
旨辛！四川風麻婆豆腐丼,398,https://www.family.co.jp/goods/obento/0731645.html,2種の醤を使用し、仕上げに風味豊かなラー油を加えた、ごはんに合う麻婆豆腐です。豚肉は豆板醤・甜麺醤等を合わせたたれで炒め、旨みとコクを引き出しました。別添で「花椒」付きです。※宮崎県、鹿児島県では取り扱いがございません。
濃厚な味わい！欧風ビーフカレー,450,https://www.family.co.jp/goods/obento/0731409.html,牛の旨みが感じられる欧風ビーフカレーです。30種類以上のスパイスを使ったコクと深みのある味わいです。カレーソースと一緒にやわらかく煮込んだ牛肉が特徴です。
スパイス香る！バターチキンカレー,460,https://www.family.co.jp/goods/obento/0731614.html,バターやココナッツミルクを使った、コクと風味が楽しめるカレーです。鶏肉は、ガラムマサラ、にんにくなどでスパイシーな味わいです。仕上げにホワイトソースをトッピングしました。
とろーり玉子のデミオムライス,450,https://www.family.co.jp/goods/obento/0731607.html,チキンライスはトマトや鶏の旨み、玉ねぎの風味が楽しめます。とろとろに仕上げた玉子には肉、野菜の旨みが詰まったデミソースと、仕上げにクリームソースをトッピングしました。
おろしタツタ弁当（すだちぽん酢）,498,https://www.family.co.jp/goods/obento/0616287.html,醤油、しょうがなどで下味を付け、ふっくらとした衣に仕上げた鶏もも肉の唐揚を5個トッピングしました。ごはんはわかめを混ぜ込み、さっぱりとした味わいに仕立てています。別添で「すだちおろしぽん酢」付きです。※東北地方の一部、九州地方の一部では取り扱いがございません。
ふんわり玉子の親子丼,450,https://www.family.co.jp/goods/obento/0731584.html,割下はかつお、こんぶ、鶏のだしをバランス良く組み合わせることで、だしの風味が楽しめる一品です。玉子部分には卵白を加え、ふんわり食感に仕立てました。※東海地方、九州地方の一部では仕様が異なります。
明太海苔弁当,450,https://www.family.co.jp/goods/obento/0616539.html,ご飯のお供として人気のおかか、海苔、明太子をトッピングしました。おかずは鶏の唐揚、白身魚フライ、ちくわ磯辺天、コロッケ、玉子焼き、ごぼう人参きんぴらなどを盛り付けました。※宮崎県、鹿児島県では取り扱いがございません。
幕の内弁当,430,https://www.family.co.jp/goods/obento/0616485.html,色々なおかずが楽しめる幕の内弁当です。ふっくらと焼き上げた銀鮭、玉ねぎ・人参入りの鶏つくね、海老天、コロッケ、厚焼玉子、煮物などを盛り付けました。
【関西地方・中国・四国地方・九州地方限定】幕の内弁当,398,https://www.family.co.jp/goods/obento/0616492.html,色々なおかずが楽しめる幕の内弁当です。ふっくらと焼き上げた脂ののった鯖、玉ねぎ・人参入りの鶏つくね、海老天、コロッケ、ウインナー、ほうれん草ごま和え、厚焼玉子などを盛り付けました。
3色そぼろ&チキン南蛮弁当,498,https://www.family.co.jp/goods/obento/0616256.html,ごはんにだしの旨みを感じる鶏そぼろ、玉子そぼろ、ごま高菜を上乗せし、甘酢タレを掛けたチキン南蛮を盛り付けました。たまねぎ、茹で玉子などを使ったコクのあるタルタルソースをトッピングしました。※宮崎県、鹿児島県では取り扱いがございません。※九州地方では仕様が異なります。
鶏そぼろ弁当,298,https://www.family.co.jp/goods/obento/0614443.html,鶏もも肉を使用したそぼろ、玉子そぼろ、信州菜をごはんの上に盛り付けました。鶏そぼろは醤油や本みりんなどを使って甘辛く味付けをし、鶏だしを加えることで鶏の旨みが感じられる仕立てです。ふんわり仕上げた玉子そぼろは、甘さとコクが特徴です。※北海道、九州地方の一部では仕様が異なります。※宮崎県、鹿児島県では取り扱いがございません。
こだわりカレー,298,https://www.family.co.jp/goods/obento/0614009.html,野菜の旨みが感じられる、定番のこだわりカレーです。２種類の異なるカレーを合わせ、３０種類以上のスパイスを使用することで、味わい深いスパイシーな仕立てにしました。※宮崎県、鹿児島県では取り扱いがございません。
ねぎとろ巻,398,https://www.family.co.jp/goods/sushi/0750684.html,粒感のある食感で、まぐろ本来の美味しさに近い、まぐろたたきを使用しました。
香り箱の寿司,145,https://www.family.co.jp/goods/sushi/0510332.html,カニのジューシーな食感と濃厚な味わいを再現したカニ風味かまぼこ（香り箱）を使用しました。相性の良いコクのあるマヨネーズをトッピングした食べやすい寿司です。
五目鶏めしいなり寿司,138,https://www.family.co.jp/goods/sushi/0515009.html,鶏肉、人参、れんこんなどにかつおだし、こんぶだしを加えて炒めた具材を酢飯に混ぜ込みました。旨みと食感の良いいなり寿司です。※宮崎県、鹿児島県では取り扱いがございません。
いなり&おむすびセット,388,https://www.family.co.jp/goods/sushi/0515016.html,いなり寿司と俵おむすびにおかずを組み合わせました。カレーちくわ天、半熟ゆで玉子、つくね、コロッケ、ウインナー入りです。※宮崎県、鹿児島県では取り扱いがございません。
海鮮巻2種,430,https://www.family.co.jp/goods/sushi/0750615.html,まぐろたたき、きゅうり、カニカマ、玉子焼の太巻と、鮭トロ、きゅうり、カニカマ、玉子焼の太巻をセットにしました。
手巻寿司　おくら納豆,145,https://www.family.co.jp/goods/sushi/0510073.html,おかかとだしを合わせた刻みオクラと納豆を手巻寿司にしました。さっぱりとした味わいです。※宮崎県、鹿児島県では取り扱いがございません。
ねばねば！まぐろたたき納豆丼,448,https://www.family.co.jp/goods/sushi/0750707.html,オクラ・めかぶ・なめこ・納豆のねばねば食材と、まぐろたたきとたくあんを合わせました。さっぱりと食べられる寿司の丼です。納豆は別添となります。だし醤油付きです。※宮崎県、鹿児島県では取り扱いがございません。
ツナサラダ巻とカニカマ巻,300,https://www.family.co.jp/goods/sushi/0514699.html,ツナマヨネーズときゅうりの巻寿司と、カニカマ・きゅうり・錦糸玉子の巻寿司の2種類のサラダ巻です。別添で「減塩醤油」付きです。
手巻寿司　シーチキン(R)マヨネーズ,120,https://www.family.co.jp/goods/sushi/0511018.html,シーチキン(R)のだしの旨みと、マヨネーズのコクと旨みのバランスの良い手巻寿司です。
サラダ巻2種,430,https://www.family.co.jp/goods/sushi/0750691.html,レモン風味に味付したサラダチキン、玉子焼、カニカマなどの太巻と、スパイシーなトマトベースのソースを使用したポテトサラダ、パストラミビーフなどの太巻のセットです。
スーパー大麦いなり寿司　青しそ,145,https://www.family.co.jp/goods/sushi/0515153.html,スーパー大麦使用のいなり寿司です。さっぱりとした青しそとの組み合わせです。※東海地方の一部では取り扱いがございません。
手巻寿司　まぐろたたき（青まぜ）,159,https://www.family.co.jp/goods/sushi/0510059.html,青まぜ海苔と人気のまぐろたたきを使用しました。粒感のあるまぐろたたきを、醤油ベースのたれでシンプルに味付けし、青ねぎを加えました。※東北地方の一部では取り扱いがございません。
助六寿司,398,https://www.family.co.jp/goods/sushi/0515085.html,巻寿司といなり寿司のセットです。地域にあわせて巻寿司の具材の組み合わせや、いなり皮の味付けを変えました。
いなり寿司3ヶ入,200,https://www.family.co.jp/goods/sushi/0515504.html,酢飯に粕酢を加え、まろやかな味わいにしました。※宮崎県、鹿児島県では取り扱いがございません。
手巻寿司　納豆,138,https://www.family.co.jp/goods/sushi/0511001.html,たまり醤油を加えて旨味、おいしさをアップしました。
サーモンづくし,398,https://www.family.co.jp/goods/sushi/0750646.html,サーモン本来の旨味にこだわり、より旨味と食感を感じられるお寿司です。トラウト、ハラス、焼ハラスの三種の盛り合わせです。
納豆細巻寿司,298,https://www.family.co.jp/goods/sushi/0514620.html,かつお・昆布だしを使った旨みのあるタレを使用した納豆の細巻寿司です。別添で「醤油」付きです。
チキンカツサンド,330,https://www.family.co.jp/goods/sandwich/0912822.html,鶏もも肉のチキンカツとキャベツの千切りをサンドしました。カツソースとマヨソースで味付けしました。
全粒粉サンド　サラダチキンとチェダーチーズ,278,https://www.family.co.jp/goods/sandwich/0912815.html,サラダチキン・チェダーチーズを、ピリ辛のトマトのソースとバジルソースで味付けしました。※宮崎県、鹿児島県では取り扱いがございません。
全粒粉サンド　ベーコンレタストマト,298,https://www.family.co.jp/goods/sandwich/0911276.html,ベーコン・レタス・トマト・ゆで玉子などをサンドしました。味噌やごまの風味をきかせた香味野菜ソースと、マヨソースで味付けしました。※宮崎県、鹿児島県では取り扱いがございません。
全粒粉サンドスモークサーモンツナポテトサラダ,298,https://www.family.co.jp/goods/sandwich/0912785.html,サーモン・紫たまねぎ・レタス・リーフのサンドと、ツナポテトサラダ・レタスのサンドの組み合わせです。
全粒粉サンド　ツナたまきゅうり,220,https://www.family.co.jp/goods/sandwich/0911283.html,ツナサラダと玉子サラダに、きゅうりを加えたサンドイッチです。
フルーツミックスサンド,298,https://www.family.co.jp/goods/sandwich/0912761.html,3種のフルーツ（キウイ・みかん・パイン）、ヨーグルトホイップなどをサンドしました。
ツナたまごサンド,220,https://www.family.co.jp/goods/sandwich/0912778.html,ビネガーやブイヨンで味付けしたツナサラダと、玉子サラダをサンドしました。
ミックスサンド,257,https://www.family.co.jp/goods/sandwich/0910385.html,ハム玉子・ハムチーズレタス・ビネガーやブイヨンで味付けしたツナサラダを組み合わせたサンドイッチです。
シャキシャキレタスサンド,259,https://www.family.co.jp/goods/sandwich/0910514.html,シャキシャキとしたレタス・ハム・チェダーチーズを挟んだサンドイッチです。フレンチソースとマヨソースの味付けが特徴です。
海老カツサンド,378,https://www.family.co.jp/goods/sandwich/0912716.html,海老カツ、タルタルソース、キャベツをサンドしました。りんごなどの果物のフルーティーな味わいのカツソースで味付けしました。
ハムチーズたまごサンド,230,https://www.family.co.jp/goods/sandwich/0912754.html,玉子サラダ・ハム・チェダーチーズ・きゅうりのマヨ和えをサンドしました。
全粒粉サンド　ハムサラダ,220,https://www.family.co.jp/goods/sandwich/0912730.html,マヨネーズやビネガーで味付けをして玉ねぎなどと合わせたハムサラダをサンドしました。※東北地方の一部、宮崎県、鹿児島県では取り扱いがございません。
全粒粉サンド　パストラミビーフ&ポーク,320,https://www.family.co.jp/goods/sandwich/0912792.html,パストラミビーフ・チェダーチーズ・レタスの層と、パストラミポーク・ゴーダチーズ・レタスの層の組み合わせです。たまねぎ入り醤油マヨソースで味付けしました。
たまごサンド,198,https://www.family.co.jp/goods/sandwich/0912723.html,しっとりとやわらかな食感の食パンに、コクのある玉子サラダをサンドしました。
ミックスサンドBOX,320,https://www.family.co.jp/goods/sandwich/0910521.html,テリヤキチキン・ハム・玉子の3種類のサンドイッチを、一口サイズで詰め合わせました。
テリヤキチキンとたまごのサンド,298,https://www.family.co.jp/goods/sandwich/0912280.html,テリヤキたれを合わせたグリルチキン、ローストチキンにゆで玉子などを組み合わせたサンドイッチです。
たまハムミックスサンド,278,https://www.family.co.jp/goods/sandwich/0910897.html,ゆで玉子とハムのサンドイッチと、ハムとオニオンのサラダ・ポークハムをはさんだサンドイッチの組み合わせです。※宮崎県、鹿児島県では取り扱いがございません。
ジューシーハムサンド,270,https://www.family.co.jp/goods/sandwich/0910484.html,ポークハム・きゅうりのマヨ和え・マスタードを挟んだサンドイッチです。
スパイシーハム&コーンパン,128,https://www.family.co.jp/goods/bread/1520330.html,黒コショウ入りのハムと、コーンを絞って焼き上げた一品です。
4種のチーズフランス,149,https://www.family.co.jp/goods/bread/1520354.html,水分をしっかりと含んだもっちり食感が特徴の生地に、粉チーズと2種のシュレッドチーズをトッピングして焼き上げてクリームチーズを入れた一品です。
レモンチーズタルト,138,https://www.family.co.jp/goods/bread/1536782.html,レモンチーズ生地をタルト生地にのせて焼き上げ、グレーズをぬった一品です。※宮崎県、鹿児島県では取り扱いがございません。
レモネード蒸しケーキ,138,https://www.family.co.jp/goods/bread/1536775.html,レモネード風味のしっとり食感の蒸しケーキに、スライスレモンをのせた一品です。
レモンパイ,128,https://www.family.co.jp/goods/bread/1535921.html,爽やかな酸味のレモンクリームとホイップクリームを合わせたレモンパイです。
ミニチョコクロワッサン4個入,118,https://www.family.co.jp/goods/bread/1517385.html,しっとりとした生地の棒チョコ入りミニチョコクロワッサンです。
フランスパン（カスタード）,118,https://www.family.co.jp/goods/bread/1532265.html,もちもちとした生地にカスタードクリームをサンドしました。
抹茶あんぱん（きなこホイップ）,120,https://www.family.co.jp/goods/bread/1530438.html,抹茶風味あんときなこ入りホイップクリームの入った抹茶味のパンに、黒豆甘納豆をトッピングしました。
くるみのカンパーニュ3枚入,149,https://www.family.co.jp/goods/bread/1517439.html,全粒粉入りの生地にくるみを練りこんだカンパーニュです。
メンチカツバーガー,158,https://www.family.co.jp/goods/bread/1526288.html,ふっくらとしたパンにメンチカツとソースをサンドしました。すっきりとした味わいが特徴です。
クランベリー&チーズクリームパン,128,https://www.family.co.jp/goods/bread/1530360.html,冷やしてもおいしい菓子パンです。
ちぎれる黒糖サンド（ミルクホイップクリーム）,118,https://www.family.co.jp/goods/bread/1532227.html,ふんわりとした黒糖パンに、ミルクホイップクリームをサンドしました。※宮崎県、鹿児島県では取り扱いがございません。
枝豆とチーズのフーガス,138,https://www.family.co.jp/goods/bread/1520293.html,もっちりとした食感のフランスパン生地に、枝豆とチーズを練りこみ焼き上げた惣菜パンです。
ポテトとチーズのデニッシュ,138,https://www.family.co.jp/goods/bread/1520149.html,デニッシュ生地にポテトフィリングとチーズをトッピングして焼き上げました。
ホイップカスタードデニッシュ,110,https://www.family.co.jp/goods/bread/1535365.html,デニッシュ生地にカスタード味のホイップクリームを入れました。
ハムとチーズの三つ編みパン,138,https://www.family.co.jp/goods/bread/1520545.html,食べごたえのあるロースハムを、生地で三つ編みにしました。パルメザンチーズとあらびき黒コショウをかけた一品です。
たい焼きみたいなデニッシュ（つぶあん）,138,https://www.family.co.jp/goods/bread/1535389.html,つぶあんを包んで焼き上げた、たい焼きの形のデニッシュです。
ロースハム&たまごドーナツ,138,https://www.family.co.jp/goods/bread/1524208.html,玉子サラダと、ロースハムを包んだ生地を、香ばしく揚げた一品です。
包み焼きピザ（トマト&チーズ）,138,https://www.family.co.jp/goods/bread/1520576.html,こだわりの生地にトマトフィリング、チーズクリーム、短冊ベーコンを包み表面に粉チーズをトッピングして焼き上げました。
バターチキンカレーパン,138,https://www.family.co.jp/goods/bread/1520569.html,スパイシーな味わいのバターチキンカレーを包み焼き上げたカレーパンです。
チョコパイ4個入,168,https://www.family.co.jp/goods/bread/1517057.html,パイ生地で板チョコを包んで焼き上げたミニチョコパイです。サクッとした食感が特徴です。
たまごドッグ,110,https://www.family.co.jp/goods/bread/1526172.html,ふんわりやわらかなロールパンに、コクのある玉子サラダをサンドしました。※宮崎県、鹿児島県では取り扱いがございません。
ソフトなチーズクリームパン,120,https://www.family.co.jp/goods/bread/1531275.html,クリームを折り込んだほんのり甘い生地に、チーズクリームを絞って焼き上げたソフトなパンです。
ハムカツたまごドッグ,128,https://www.family.co.jp/goods/bread/1526332.html,ふんわりやわらかなロールパンに、ソースを漬けたハムカツとコクのある玉子サラダをサンドしました。
コロッケ&たまごドッグ,138,https://www.family.co.jp/goods/bread/1526370.html,ふんわりやわらかなロールパンに、コロッケと玉子をサンドしました。※宮崎県、鹿児島県では取り扱いがございません。
スイートツイスト,120,https://www.family.co.jp/goods/bread/1517415.html,クリームを折り込み、しっとりやわらかく焼き上げました。ほんのりした甘みが特徴です。
メロンパン,110,https://www.family.co.jp/goods/bread/1531343.html,ビスケット生地のさっくり感と、中生地のしっとり感が特徴です。やさしい甘さと飽きの来ない味わいです。
くるみ&カマンベールチーズデニッシュ,138,https://www.family.co.jp/goods/bread/1520552.html,全粒粉を練り込んだ香ばしい生地で、クリーミーなチーズクリームを包みました。クルミの食感がアクセントの惣菜デニッシュです。※東北地方の一部、宮崎県、鹿児島県では取り扱いがございません。
ささみカツドッグ,158,https://www.family.co.jp/goods/bread/1526400.html,ふんわりやわらかなロールパンに、ソースをつけたささみカツをサンドし、マスタードタルタルを合わせました。※東北地方の一部、宮崎県、鹿児島県では取り扱いがございません。
焼きそばドッグ,138,https://www.family.co.jp/goods/bread/1526417.html,ふんわりやわらかなロールパンに、まろやかな味わいの焼きそばをサンドしました。※九州地方では仕様が異なります。
クリームドーナツ,118,https://www.family.co.jp/goods/bread/1538779.html,カスタードクリームの入ったしっとり柔らかなドーナツに粉糖をまぶしました。
なめらかチョコクリームパン5個入,108,https://www.family.co.jp/goods/bread/1517101.html,なめらかなチョコクリームを包み焼き上げたミニチョコクリームパンです。
レーズン&クランベリー,128,https://www.family.co.jp/goods/bread/1531282.html,スーパー大麦入りのしっとりふんわり食感の生地に、レーズンとクランベリーを練り込みました。※東北地方の一部、宮崎県、鹿児島県では取り扱いがございません。
なめらかピーナッツクリームパン5個入,108,https://www.family.co.jp/goods/bread/1517118.html,なめらかなピーナッツクリームを包み焼き上げたミニピーナッツクリームパンです。
つぶあんぱん,115,https://www.family.co.jp/goods/bread/1530599.html,北海道産小豆のつぶあんを使用した、つぶあんぱんです。
なめらかクリームパン5個入,108,https://www.family.co.jp/goods/bread/1517088.html,なめらかなカスタードクリームを包み焼き上げたミニクリームパンです。
スイートくるみコッペ,128,https://www.family.co.jp/goods/bread/1532432.html,ケーキ生地にくるみを入れたふんわりコッペパンで、シュガーマーガリンをサンドしました。※宮崎県、鹿児島県では取り扱いがございません。
大きいウインナー,128,https://www.family.co.jp/goods/bread/1520316.html,パリッとした食感でジューシーな味わいのソーセージと、ケチャップ・マスタードを組み合わせました。
ミニつぶあんぱん5個入,120,https://www.family.co.jp/goods/bread/1517040.html,風味豊かなつぶあんを包み焼き上げた、ミニつぶあんぱんです。
しっとりケーキ（角切りチーズ）,128,https://www.family.co.jp/goods/bread/1536867.html,ほんのり甘いしっとり食感の生地に、角切りチーズを合わせたスティックケーキです。
チョコカスタードペストリー,138,https://www.family.co.jp/goods/bread/1535358.html,しっとりとしたデニッシュ生地に、カスタードクリームとチョコチップを挟んで焼き上げました。
国産りんごのアップルパイ（レモン香るさわやか仕立て）,158,https://www.family.co.jp/goods/bread/1535907.html,シャキシャキと食感のよい国産りんごとカスタードクリームのアップルパイです。※東北地方の一部、九州地方の一部では取り扱いがございません。
明太フランス,138,https://www.family.co.jp/goods/bread/1520477.html,もっちりとした食感の高加水仕込みの生地に、明太ソースとパセリをトッピングして二度焼きしました。
コッペパン（つぶあん&マーガリン）,128,https://www.family.co.jp/goods/bread/1532166.html,つぶあんの風味と、マーガリンの味わいをアップしました。
チョコクリームコロネ,128,https://www.family.co.jp/goods/bread/1530469.html,歯切れの良いブリオッシュ生地に、カカオとミルクのバランスが良いなめらかなチョコクリームを入れたコロネです。
クリームを味わうクリームパン,138,https://www.family.co.jp/goods/bread/1530315.html,とろーりとしたカスタードクリームを生地の端まで、たっぷりと入れました。
もっちパン（ベーコン&たまご）,108,https://www.family.co.jp/goods/bread/1520286.html,もちもち食感の白い生地で、ベーコンと玉子を包んで焼き上げました。
ちぎれるオニオンブレッド（コーン&ベーコン）,130,https://www.family.co.jp/goods/bread/1520231.html,ふんわりとした食感が特徴のオニオンブレッドです。ふわふわ生地にオニオンスライス、ベーコン、チーズ、コーン、ブラックペッパー入りマヨをトッピングし、焼き上げました。
ちぎれる三角サンド,118,https://www.family.co.jp/goods/bread/1532531.html,しっとりとした生地に、練乳クリームをサンドしました。
ほんのり甘くてやわらかい食パン3枚,95,https://www.family.co.jp/goods/bread/1510065.html,ほんのり甘くてやわらかい、ファミリーマートオリジナルの食パンです。
ほんのり甘くてやわらかい食パン5枚,149,https://www.family.co.jp/goods/bread/1510331.html,ほんのり甘くてやわらかい、ファミリーマートオリジナルの食パンです。
ほんのり甘くてやわらかい食パン6枚,149,https://www.family.co.jp/goods/bread/1510355.html,ほんのり甘くてやわらかい、ファミリーマートオリジナルの食パンです。
北海道牛乳のスティック4本入,118,https://www.family.co.jp/goods/bread/1517347.html,牛乳クリームを生地に折り込み、さらにしっとりとした食感にしました。※宮崎県、鹿児島県では取り扱いがございません。
ちぎれるシュガーマーガリンのパン,110,https://www.family.co.jp/goods/bread/1531374.html,ふんわりとした生地にマーガリンとシュガーをトッピングしました。
コッペパン（ダブルピーナッツ）,130,https://www.family.co.jp/goods/bread/1532104.html,牛乳を使用した、ほんのり甘いコッペパンです。コッペパンに、コクのある粒入りピーナッツクリームとなめらかな口どけのピーナッツクリームをサンドしました。
ハムチーズクロワッサン,130,https://www.family.co.jp/goods/bread/1520446.html,ハム、チーズ入りクリームを包んで焼き上げたクロワッサンです。※宮崎県、鹿児島県では取り扱いがございません。
コッペパン（イチゴジャム&マーガリン）,120,https://www.family.co.jp/goods/bread/1532142.html,牛乳を使用した、ほんのり甘いコッペパンです。コッペパンに、爽やかな酸味のイチゴジャムと口どけのよいマーガリンをサンドしました。
チョコづくしコッペパン,168,https://www.family.co.jp/goods/bread/1532616.html,チョコ風味生地にチョコクリーム、パフ入りの板チョコ、チョコホイップをサンドしました。
てりやきチキン&たまご,130,https://www.family.co.jp/goods/bread/1520248.html,ふんわりとした生地に、てりやきチキンと玉子サラダとマヨソースを絞りました。
チーズマヨトースト,138,https://www.family.co.jp/goods/bread/1520392.html,ふんわり食感のパンにチーズとドレッシングを全面にトッピングして焼き上げました。※宮崎県、鹿児島県では取り扱いがございません。
ベーコン&エッグデニッシュ,128,https://www.family.co.jp/goods/bread/1520262.html,デニッシュ生地にベーコン、玉子サラダをのせて焼き上げた仕立てです。
きなこあげぱん,108,https://www.family.co.jp/goods/bread/1538748.html,きなこシュガーを全体にまぶしたツイストドーナツです。※宮崎県、鹿児島県では取り扱いがございません。
シューロール（ホイップクリーム）,108,https://www.family.co.jp/goods/bread/1532401.html,ロールパン生地にシュー生地をトッピングし焼き上げ、ホイップクリームをサンドした仕立てです。※宮崎県、鹿児島県では取り扱いがございません。
ミニスイートクロワッサン5個入,108,https://www.family.co.jp/goods/bread/1517248.html,ミニサイズのクロワッサンです。しっとりソフトな食感で、ミルク風味のほんのり甘いクロワッサンです。※東北地方の一部では取り扱いがございません。
タルタルソースとフライドチキンのパン,149,https://www.family.co.jp/goods/bread/1520156.html,ふんわりとした生地にフライドチキンとタルタルソースを包み、白ごまをのせて焼き上げた、食べごたえのある惣菜パンです。※東北地方の一部、宮崎県、鹿児島県では取り扱いがございません。
チョコツイスト,120,https://www.family.co.jp/goods/bread/1517323.html,しっとりやわらかく焼き上げたツイストパンです。生地に織り込んだチョコシートには、ベルギーチョコを使用しています。
しみ旨フレンチトースト,130,https://www.family.co.jp/goods/bread/1531299.html,メープル味のバター入りマーガリンを絞り焼き上げたフレンチトーストです。
ツイストドーナツ３本入,108,https://www.family.co.jp/goods/bread/1517286.html,粉糖をかけたツイストドーナツ（３本入り）です。
チョコクロワッサン,128,https://www.family.co.jp/goods/bread/1535280.html,ほどよい甘さのチョコクロワッサンです。デニッシュ生地はバター風味豊かで本格感ある味わいです。
チョコデニッシュ食パン（ベルギーチョコ入りクリーム）３枚入,138,https://www.family.co.jp/goods/bread/1514018.html,デニッシュ食パン（３枚入）です。バターと生クリーム入りの生地にチョコシートとチョコチップを折りこみました。
ふんわりホットケーキ（メープル＆マーガリン）,108,https://www.family.co.jp/goods/bread/1536812.html,牛乳を入れたふんわりとした食感のホットケーキ生地にメープルジャムとマーガリンをサンドしました。
カレーパン３個入,128,https://www.family.co.jp/goods/bread/1517408.html,まろやかな味わいカレーパン（3個入り）です。
ケーキドーナツ（プレーン＆チョコ）４個入,158,https://www.family.co.jp/goods/bread/1517330.html,ケーキドーナツ（2個）と、チョコがけのケーキドーナツ（２個）の組み合わせです。
たまご蒸しぱん,110,https://www.family.co.jp/goods/bread/1537567.html,玉子をたっぷり使った風味豊かな蒸しパンです。
デニッシュ食パン（バターと生クリーム入り）３枚入,138,https://www.family.co.jp/goods/bread/1514025.html,バターと生クリームを加えたリッチなデニッシュ食パンです。
つぶあんドーナツ,118,https://www.family.co.jp/goods/bread/1538625.html,すっきりとした甘さのつぶあん入りのドーナツです。※東北地方の一部では取り扱いがございません。
ロールケーキ（バニラクリーム）４枚入,138,https://www.family.co.jp/goods/bread/1517170.html,バニラクリームを巻いたふわふわのスポンジ生地のロールケーキ（４枚入り）です。
チョコチップスナック６本入,108,https://www.family.co.jp/goods/bread/1517156.html,チョコチップ入りの生地のスティックパンです。
スナックスティック６本入,108,https://www.family.co.jp/goods/bread/1517149.html,しっとりした生地のスティックパンです。
カレーパン,128,https://www.family.co.jp/goods/bread/1524154.html,スパイスのきいたカレーフィリングを包んだ、揚げカレーパンです。
チーズカレーパン,130,https://www.family.co.jp/goods/bread/1524178.html,牛肉や野菜を使ったスパイシーで旨みのあるカレーとチーズの入ったチーズカレーパンです。
フレンチトーストサンド（ハム＆チーズ）,149,https://www.family.co.jp/goods/bread/1520484.html,ソフトな食感のフレンチトーストサンドです。スライスチーズ、ハム、チーズソース、ホワイトソースを合わせました。
手巻きフランクロール,168,https://www.family.co.jp/goods/bread/1520507.html,フランクフルトを１本使用したボリューム感のある惣菜パンメニューです。
アップルクリームデニッシュ,118,https://www.family.co.jp/goods/bread/1535372.html,アップルクリームのデニッシュです。国産ふじりんごの蜜漬けと、カスタード風味クリームを包みました。
もちもちくるみパン,118,https://www.family.co.jp/goods/bread/1531237.html,もちもちとした生地で、ほのかな甘みのある味わいのクルミパンです
北海道メロンパン,128,https://www.family.co.jp/goods/bread/1530452.html,ふんわりしたパン生地のメロンパンです。中には北海道産メロンのピューレ入りクリームが入っています。
ちぎれるミルクパン（シールド乳酸菌入り）,118,https://www.family.co.jp/goods/bread/1531312.html,ほんのり甘くしっとりした食感の牛乳仕込みのちぎれるミルクパンです。シールド乳酸菌入りです。
もっちり食感マフィンハムチーズエッグ,138,https://www.family.co.jp/goods/bread/1526394.html,イングリッシュマフィンにハム、玉子サラダ、チーズ、マヨネーズをサンドしました。※東北地方の一部では取り扱いがございません。
あらびきチョリソーソーセージ,130,https://www.family.co.jp/goods/bread/1520071.html,ピリ辛のチョリソーソーセージのパンです。オニオンの甘みを加えたケチャップとマスタードをトッピングしました。
和風ツナパン,118,https://www.family.co.jp/goods/bread/1520194.html,和風のツナパンです。ツナフィリングは隠し味として醤油で味付けしました。
マーガリン入り黒糖ロールパン（沖縄黒糖使用）4個入,138,https://www.family.co.jp/goods/bread/1515046.html,マーガリン入りロールパンです。上質な沖縄黒糖を使用し、風味豊かな味わいです。
ひと口もち食感チーズ（北海道産ナチュラルチーズ）,138,https://www.family.co.jp/goods/bread/1520170.html,一口サイズのもちもちとした生地のパン(6個入り）です。北海道ナチュラルチーズを練り込み焼き上げました。
手巻きソーセージドーナツ,118,https://www.family.co.jp/goods/bread/1524116.html,香ばしく揚げたソーセージドーナツです。
ハムチーズマヨ,110,https://www.family.co.jp/goods/bread/1520385.html,ハムとチーズクリーム入りの、しっとりソフトなパンです。※宮崎県、鹿児島県では取り扱いがございません。
濃厚ミルクフランス,130,https://www.family.co.jp/goods/bread/1532319.html,小麦の香りが広がるフランスパンです。濃厚な練乳クリームをサンドしました。
マーガリン入りロールパン4個入,108,https://www.family.co.jp/goods/bread/1515022.html,マーガリン入りロールパン（4個入）です。国産小麦粉を使用した、ふんわりとした生地です。
マーガリン入りレーズンロールパン4個入,108,https://www.family.co.jp/goods/bread/1515039.html,マーガリン入りレーズンロールパン（4個入）です。国産小麦粉を使用した、ふんわりとした生地です。
バターロール4個入,108,https://www.family.co.jp/goods/bread/1515008.html,バターロール（4個入）です。国産小麦粉を使用した、ふんわりとした生地のバターロールです。
レーズンバターロール4個入,108,https://www.family.co.jp/goods/bread/1515015.html,レーズンバターロール（4個入）です。国産小麦粉を使用した、ふんわりとした生地のバターロールです。
小麦香るしっとりとした食パン６枚,108,https://www.family.co.jp/goods/bread/1510249.html,小麦本来の美味しさが感じられる、しっとりとした食パンです。
たっぷりクリームデニッシュ,100,https://www.family.co.jp/goods/bread/1535013.html,デニッシュ生地に、カスタードクリームを包んで焼いたパンです。
しっとりケーキ（チョコ）,128,https://www.family.co.jp/goods/bread/1536799.html,発酵バター入りのマーガリンを使用した生地にミルクチョコダイスをトッピングし、しっとりと焼き上げたバターケーキです。
全粒粉入りトルティーヤ（牛焼肉）,398,https://www.family.co.jp/goods/roll/0921688.html,一味唐がらしで辛味をつけた牛焼肉炒めをマヨソースで和え、キャベツ・人参等の野菜とロールしました。
タルタルソースの唐揚ロール,198,https://www.family.co.jp/goods/roll/0925570.html,一口サイズにカットした唐揚げ4個とタルタルソースを入れました。※東海地方の一部では取り扱いがございません。
ピザサンド　Wウインナー&BBQソース,250,https://www.family.co.jp/goods/roll/0971478.html,あらびきウインナー2本とトマトBBQソースを低温長時間熟成のふんわりとしたピザ生地でサンドしました。［ファミリーマート限定］
ごまこっぺ　ハーブ香る白身魚フライ,268,https://www.family.co.jp/goods/roll/0921657.html,白身魚の香草フライ、グリーンリーフ、キャベツ、トマトのソースを、ごま付きのこっぺパンでサンドしました。※宮崎県、鹿児島県では取り扱いがございません。
全粒粉入りトルティーヤ（タコスミート）,398,https://www.family.co.jp/goods/roll/0921671.html,4種の野菜（キャベツ・グリーンリーフ・人参・紫キャベツ）と、スパイシーなチリ味のタコスミート、チェダーチーズをロールしました。
全粒粉入りトルティーヤ（テリヤキチキン）,398,https://www.family.co.jp/goods/roll/0921633.html,全粒粉入りのトルティーヤ生地を使用しました。キャベツ・人参等の野菜と、甘辛テリヤキソースを和えた唐揚げ、テリマヨソースをロールしました※宮崎県、鹿児島県では取り扱いがございません。
ラップスティック　サラダチキン　バジルマヨ仕立て,268,https://www.family.co.jp/goods/roll/0921664.html,サラダチキン・ポテトサラダ・スーパー大麦・野菜を、バジルソースやバジルマヨで和え、緑茶入り生地で巻いたトルティーヤです。※宮崎県、鹿児島県では取り扱いがございません。
トルティーヤ　スパイスカレー,250,https://www.family.co.jp/goods/roll/0971454.html,トマトの酸味と、玉ねぎのコクがある辛口カレーソースを使用しました。香ばしく焼き上げたトルティーヤで、鶏肉とチーズを包んだ一品です。10種のスパイスを使用しました。［ファミリーマート限定］
石窯パリジャンサンド（ハム＆チーズ）,330,https://www.family.co.jp/goods/roll/0920964.html,石窯で焼き上げたパンに、ボンレスハム、ゴーダチーズ、グリーンリーフなどをサンドし、粒マスタード入マヨで味付けしました。
ピザサンド　明太もちチーズ,250,https://www.family.co.jp/goods/roll/0971447.html,明太子が入ったマヨネーズ風味のソースにお餅と2種類のチーズを使用しました。低温長時間熟成のふんわりとしたピザ生地が特徴です。［ファミリーマート限定］
ホットドッグ,198,https://www.family.co.jp/goods/roll/0920001.html,もっちりとしたセミハードのパンに、粗びきポークウィンナーをはさみ、ケチャップ、マスタードをトッピングしました。
トルティーヤ　チーズタッカルビ,250,https://www.family.co.jp/goods/roll/0971171.html,香ばしく焼き上げたトルティーヤで鶏肉とチーズを包んだ一品です。豆板醤のコクと辛味とりんご果汁の甘みのある辛口ソースを使用しています。一口目から具材が味わえるトルティーヤです。[ファミリーマート限定]
ピザサンド　ピザポテト味,270,https://www.family.co.jp/goods/roll/0971430.html,低温長時間熟成のふんわりとしたピザ生地を使用しています。チェダーチーズをきかせた「ピザポテト」味のピザサンドです。［ファミリーマート限定］
トルティーヤ　ハム＆チーズ,230,https://www.family.co.jp/goods/roll/0971164.html,香ばしく焼き上げたトルティーヤでハムと3種類のチーズ（ゴーダ・モッツアレラ・チェダー）を包みました。
ピザサンド　Ｗあらびきウィンナー＆ＨＯＴチリソース,250,https://www.family.co.jp/goods/roll/0971409.html,２本のウインナーとチーズ、辛味のあるＨＯＴなチリソースを使用しました。低温長時間熟成のふんわりとしたピザ生地が特徴です。［ファミリーマート限定］
ピザサンド　４種のチーズ＆ベーコン,250,https://www.family.co.jp/goods/roll/0971423.html,４種類のナチュラルチーズとベーコンを使用しました。低温長時間熟成のふんわりとしたピザ生地が特徴です。［ファミリーマート限定］
ピザサンド　完熟トマトのマルゲリータ,240,https://www.family.co.jp/goods/roll/0971386.html,１００％モッツァレラチーズと、完熟トマトを使用した自家製ピザソースが特徴です。低温長時間熟成のふんわりとしたピザ生地を使用しました。
ピザサンド　グリルチキン＆バジルマヨ,250,https://www.family.co.jp/goods/roll/0971393.html,ダイスカットしたグリルチキンとチーズ、自家製バジルマヨソースが特徴です。低温長時間熟成のふんわりとしたピザ生地を使用しました。
ロコモコ風バーガー,338,https://www.family.co.jp/goods/burger/0921534.html,「ロコモコ」をイメージしたボリューム系バーガーです。パティ、目玉焼き、チェダーチーズをサンドし、コクのあるデミグラスソースで味付けしました。
ベーコンエッグチーズバーガー,348,https://www.family.co.jp/goods/burger/0921510.html,パティ・丸オムレツ・ベーコン・チェダーチーズをバンズで挟んだバーガーです。トマトのソースとペッパーマヨで味付けしました。※東北地方の一部では取り扱いがございません。
ダブル海老カツバーガー,348,https://www.family.co.jp/goods/burger/0921039.html,ぷりぷりとした食感の海老カツ2枚と、オリジナルのタルタルソースをサンドしました。※宮崎県、鹿児島県では取り扱いがございません。
チーズバーガー,198,https://www.family.co.jp/goods/burger/0920636.html,歯切れのよいバンズを使用しました。パティ・チェダーチーズをバンズで挟み、ケチャップとマスタードで味付けしたシンプルなハンバーガーです。
タルタルフィッシュバーガー,260,https://www.family.co.jp/goods/burger/0920704.html,歯切れのよいバンズを使用しました。食べごたえのあるフィッシュフライに、ファミリーマートオリジナルのタルタルソース、チェダーチーズを合わせたバーガーです。
フライドチキンバーガー,298,https://www.family.co.jp/goods/burger/0921015.html,13種類のスパイスを加えた香ばしい衣のフライドチキンをタルタルソース、オニオンソースと合わせた食べごたえのあるバーガーです。※宮崎県、鹿児島県では取り扱いがございません。
冷し鶏天おろしうどん,498,https://www.family.co.jp/goods/udon/0810302.html,モチモチした食感でつるみのあるうどんを使用しました。醤油、だし感を味わえるうどんつゆが特徴です。鶏天、わかめ、ねぎ、大根おろしをトッピングしました。※宮崎県、鹿児島県では取り扱いがございません。
だし香る！醤油焼うどん,398,https://www.family.co.jp/goods/udon/0823500.html,かつお節の粉末や醤油・オイスターソースなどが入ったタレなどを加えて炒めた、醤油味の焼うどんです。※地域により仕様が異なります。
冷し納豆そば,460,https://www.family.co.jp/goods/soba/0810319.html,つるみとしなやかさが特徴のそばです。宗田かつお節、さば節等をきかせた、だし感のあるつゆを使用しました。おくら、なめこ、山菜、ねぎをトッピングしました。別添で「納豆」「きざみ海苔」「わさび」付きです。
のどごしなめらかざるそば,356,https://www.family.co.jp/goods/soba/0810036.html,つるみとしなやかさが特徴のそばです。つゆは地区の嗜好性に合わせた、風味豊かなそばつゆを使用しました。ねぎをトッピングしました。別添で「わさび」「きざみのり」付きです。
冷しとろろそば,450,https://www.family.co.jp/goods/soba/0810067.html,つるみとしなやかさが特徴のそばです。宗田かつお節やさば節等をきかせたつゆと、国産とろろ芋を使用しました。きゅうり、ねぎをトッピングしました。別添で「わさび」「きざみのり」付きです。
辛旨だれが決め手！台湾風まぜそば,498,https://www.family.co.jp/goods/noodle/0812238.html,醤油ベースにかつお節粉末やすりごま、唐辛子であとひく辛さのつゆが特徴です。ひき肉炒め、もやし、青ねぎ、海苔、卵黄ソースをトッピングしました。※宮崎県、鹿児島県では取り扱いがございません。
豚カルビとねぎの大盛塩焼そば,490,https://www.family.co.jp/goods/noodle/0823548.html,ガーリックと黒コショウをきかせた塩焼そばに豚カルビとごま油で和えたねぎをトッピングしました。※宮崎県、鹿児島県では取り扱いがございません。
冷しサラダ担担麺,486,https://www.family.co.jp/goods/noodle/0810326.html,弾力とつるみのあるのどごしの良い三層麺を使用しました。ねりごまのうまみと花椒油の辛さがきいた担担麺スープが特徴です。フリルレタス、キャベツ人参ごま油和え、コーン、白髪ねぎ、わかめ、スーパー大麦入りの肉そぼろをトッピングしました。※東北地方の一部、九州地方の一部では取り扱いがございません。
1/3日分の野菜が摂れる塩あんかけ焼そば,498,https://www.family.co.jp/goods/noodle/0823531.html,香ばしく炒めた麺の上に、野菜入り塩あんかけ（人参、たけのこ、玉ねぎ、白菜）、海老、あさり、きぬさやをトッピングしました。1/3日分の野菜が摂れます。※宮崎県、鹿児島県では取り扱いがございません。
特製ソースが決め手！ソース焼そば,398,https://www.family.co.jp/goods/noodle/0823432.html,やさしい味わいのソースとラードで炒めたソース焼そばです。人参・キャベツの野菜炒めと豚バラ炒め、紅しょうがをトッピングしました。※宮崎県、鹿児島県では取り扱いがございません。※一部地域では仕様が異なります。
ごまだれ冷し中華,486,https://www.family.co.jp/goods/noodle/0810883.html,弾力のあるのどごしの良い三層麺を使用しました。酸味と清涼感があり、胡麻の香り豊かな深い味わいのスープが特徴です。蒸し鶏、きゅうり、わかめ、錦糸玉子、紅しょうが、ゆで玉子をトッピングしました。
盛岡風冷麺,498,https://www.family.co.jp/goods/noodle/0810739.html,プリプリとした食感が特徴のコシのある麺を使用しました。牛豚の旨みと果汁を合わせ、さわやかな酸味のきいたスープが特徴です。チャーシュー、もやしラー油和え、ねぎ、キムチ、ゆで玉子をトッピングしました。※宮崎県、鹿児島県では取り扱いがございません。
ゆず塩まぜそば,498,https://www.family.co.jp/goods/noodle/0812221.html,全粒粉入りのもっちりとした太麺を使用しました。ゆず果汁を加えたさっぱりとした塩だれが特徴です。鶏チャーシュー、青ねぎごま油和え、メンマ、玉ねぎ、きざみゆずをトッピングしました。
1/3日分の野菜が摂れる明太子焼ビーフン,398,https://www.family.co.jp/goods/noodle/0823524.html,キャベツ・玉ねぎ・もやし入りの野菜炒めと、ねぎ、高菜炒め、明太子ソースをトッピングした焼ビーフンです。※宮崎県、鹿児島県では取り扱いがございません。
冷しちゃんぽん,498,https://www.family.co.jp/goods/noodle/0811149.html,弾力とつるみのある三層麺を使用しました。練りごまや魚介だしの風味あるちゃんぽんスープに、キャベツ・人参のごま油和え、野菜炒め、海老、コーン、きくらげ、かまぼこをトッピングしました。
汁なし担担麺,450,https://www.family.co.jp/goods/noodle/0823517.html,炒めた中華麺の上に、豚肉やたけのこの水煮を甜面醤や豆板醤などで調味したそぼろ、茹でもやし、小松菜、白髪ねぎ、卵黄ソースなどをトッピングしました。※宮崎県、鹿児島県では取り扱いがございません。
冷し醤油ラーメン,460,https://www.family.co.jp/goods/noodle/0811125.html,弾力とつるみのあるのどごしの良い三層麺を使用しました。だしのきいた醤油スープに豚バラチャーシュー、もやし、わかめ、メンマ、ゆで玉子をトッピングしました。※宮崎県、鹿児島県では取り扱いがございません。
冷しにんにく醤油ラーメン,550,https://www.family.co.jp/goods/noodle/0810906.html,モチモチとした食感が特徴の食べごたえある太麺を使用しました。醤油ベースに豚骨や魚介、にんにくを加えたやみつきスープが特徴です。たっぷりのキャベツもやし・チャーシュー・にんにく・玉子・辛揚玉・青ねぎをトッピングしました。※九州地方の一部では取り扱いがございません。
大盛にんにく醤油ラーメン,550,https://www.family.co.jp/goods/noodle/0812054.html,小麦ブラン入りの極太麺を使用しました。豚骨ベースににんにくと醤油感が感じられ、背脂も入れた味に厚みあるスープが特徴です。たっぷりのキャベツもやしボイル、豚バラチャーシュー、青ねぎ、にんにくをトッピングしました。
醤油海老ワンタン麺,480,https://www.family.co.jp/goods/noodle/0812214.html,外はもっちり、中はしっかりした三層麺を使用しました。鶏と炊き出した魚介の旨みと和風だしのきいた醤油スープに、海老ワンタン、チャーシュー、わかめ、ねぎをトッピングしました。
炙り焼チャーシューの冷し中華,498,https://www.family.co.jp/goods/noodle/0810852.html,弾力とつるみのあるのどごしの良い三層麺を使用しました。酸味と清涼感が感じられ、うま味のある醤油ベースのコクがあるスープが特徴です。具材は、チャーシュー、ゆで玉子、きゅうり、錦糸玉子、もやし・きくらげ、紅しょうがをトッピングしました。別添からし付きです。※一部地域では仕様が異なります。
具だくさんミニ冷し中華,356,https://www.family.co.jp/goods/noodle/0810869.html,弾力とつるみのあるのどごしの良い三層麺を使用しました。酸味と清涼感が感じられ、うま味のある醤油ベースのコクがあるスープが特徴です。具材は、チャーシュー、きゅうり、錦糸玉子、もやし・きくらげ、紅しょうがをトッピングしました。別添からし付きです。※一部地域では仕様が異なります。
魚介豚骨つけ麺,498,https://www.family.co.jp/goods/noodle/0812160.html,魚介豚骨つけ麺です。麺はもちもちとした食感の全粒粉入りです。魚介豚骨スープにゆず果汁を少量加えた、濃厚ながらさっぱりとした後味のスープです。焼豚、青ねぎ、なるとをトッピングしました。
辛口味噌まぜそば,498,https://www.family.co.jp/goods/noodle/0812733.html,もっちり食感の太麺の味噌まぜそばです。味噌ベースにポークエキスを加えた、あとひく辛さが特徴のタレを合わせました。チャーシュー、青ねぎ胡麻油和え、白髪ねぎラー油和え、糸切唐辛子をトッピングしました。※宮崎県、鹿児島県では取り扱いがございません。
挽肉と野菜の旨みミートソース,398,https://www.family.co.jp/goods/pasta/0822763.html,ひき肉や野菜をじっくり煮込んだミートソースを使用しました。トマトの風味を活かしつつ、デミグラスソースやガストリックソース（バルサミコ酢や砂糖などを加熱したソース）などを加えました。
大盛　チキンのガーリックトマトパスタ,498,https://www.family.co.jp/goods/pasta/0820868.html,にんにくをきかせたトマトソースとチキン炒めをトッピングしたトマトパスタです。パスタ自体もトマトソースで和えて味付けしました。
冷たいパスタ　サラダチキンとトマト,460,https://www.family.co.jp/goods/pasta/0822770.html,1/2日分の野菜が摂れる冷たいパスタです。グリーンリーフ、ミニトマト、ゆで玉子、ミニブロッコリー、ピーマン、サラダチキンなどを彩りよく盛り付けました。プリ・ツル食感が楽しめる超細麺を使用しました。
和パスタ　旨塩あさり,430,https://www.family.co.jp/goods/pasta/0822725.html,白ワインやこんぶだしなどで漬け込んだあさりのむき身をふっくらと蒸し焼きにし、青ねぎやきざみ海苔とともに盛り付けました。にんにくを炒めて風味を出し、塩こうじや白だしで和風に仕上げた旨塩味のあさりソースは、しょうがをきかせることですっきりとした後味にしました。
甘辛だれのテリヤキチキンパスタ,498,https://www.family.co.jp/goods/pasta/0822732.html,醤油やみりんなどで漬け込んで焼き上げたテリヤキチキンと青ねぎ、玉ねぎなどをトッピングし、マヨソースをかけた、こってりした味わいのパスタです。
冷たいパスタ　蒸し鶏のゆず胡椒ソース,430,https://www.family.co.jp/goods/pasta/0822749.html,ゆず胡椒入りのぽん酢ソースで楽しむ和風の冷たいパスタです。オクラ、蒸し鶏、トマト、わかめ、玉ねぎ、花かつおなどをトッピングしました。プリ・ツル食感が楽しめる超細麺を使用しました。※宮崎県、鹿児島県では取り扱いがございません。
ジューシーナポリタン,398,https://www.family.co.jp/goods/pasta/0822671.html,トマトケチャップやトマトのソースで炒めたパスタと、ラードで炒めた玉ねぎを加えた、濃厚なナポリタンソースの味わいが楽しめる一品です。※東海地方の一部では取り扱いがございません。
大盛ペペロンチーノ　ベーコン&ウインナー,498,https://www.family.co.jp/goods/pasta/0820813.html,スライスしたウインナーとベーコンをトッピングしました。唐辛子オイルやアンチョビにんにくオイル入りのソースで炒めた麺が特徴です。
和パスタ　梅と豚しゃぶ,480,https://www.family.co.jp/goods/pasta/0822831.html,かつおだし香るパスタに、豚しゃぶ・大根おろし・青ねぎ・種抜き梅・梅肉などをトッピングしました。
リトルパスタ　旨辛トマトのペンネ,298,https://www.family.co.jp/goods/pasta/0822640.html,トマトソースで和えたペンネと、ピリ辛のアラビアータソースを組み合わせました。アラビアータソースは、刻みにんにくと唐辛子オイルなどを加熱して風味を引き出し、あらごしトマトなどを加えた辛みのある味わいが特徴です。
和パスタ　焼きとうもろこしとツナ,380,https://www.family.co.jp/goods/pasta/0822626.html,だしつゆや醤油で炒めたパスタの上に、醤油などをからめて香ばしく焼き上げたとうもろこしや、ツナをトッピングしました。※宮崎県、鹿児島県では取り扱いがございません。
4種チーズのカルボナーラ,450,https://www.family.co.jp/goods/pasta/0820783.html,4種チーズ（パルメザン・ゴーダ・チェダー・ペコリーノ）を使用したカルボナーラです。トッピングしたベーコンは、オイルなどで和えてから鉄板で焼き上げました。※宮崎県、鹿児島県では取り扱いがございません。※地区により仕様が異なります。
たらこスパゲティ,398,https://www.family.co.jp/goods/pasta/0820653.html,かつおやこんぶ、生漬けばらこの味わいと風味のあるたらこソースを使用しました。相性抜群なバターとたらこの、飽きのこない味わいが特徴です。
大盛　トマトの旨み！ミートソース,480,https://www.family.co.jp/goods/pasta/0822596.html,ミートソースはトマトの酸味や三温糖のやさしい甘みも楽しめる家庭的な味わいです。
大盛明太子スパゲティ,450,https://www.family.co.jp/goods/pasta/0820455.html,たっぷり大盛サイズの明太子スパゲティです。明太子ばらこのトッピングを増やし、明太子感をアップしました。マヨネーズを隠し味に加え、まろやかさをプラスしました。
1/3日分の野菜が摂れるサラダ,298,https://www.family.co.jp/goods/salad/1212730.html,野菜、サラダチキン、玉子を一度に摂れるサラダです。※ドレッシング別売りです。
刺身こんにゃくと海藻のサラダ,300,https://www.family.co.jp/goods/salad/1212747.html,刺身こんにゃく、海藻、野菜を盛合わせたサラダです。刺身こんにゃくと相性の良いみそダレ付きです。※宮崎県、鹿児島県では取り扱いがございません。
蒸し鶏と博多明太子のパスタサラダ,320,https://www.family.co.jp/goods/salad/1222463.html,蒸し鶏や野菜を明太子ドレッシングで食べるパスタサラダです。博多明太子使用の明太子ドレッシング付きです。
野菜たっぷり！蒸し鶏のパスタサラダ,398,https://www.family.co.jp/goods/salad/1222487.html,麺より野菜が多い“野菜たっぷり”のパスタサラダです。蒸し鶏やわかめなどをトッピングしました。別添で「七味小袋」、「ごまドレッシング」付きです。
もち麦と根菜ひじきのサラダ,210,https://www.family.co.jp/goods/salad/1222494.html,スーパー大麦、もち麦、根菜、ひじき等をごまマヨで和えました。噛みごたえがあり、ボリュームのあるサラダです。※宮崎県、鹿児島県では取り扱いがございません。
サウザンアイランドドレッシング,30,https://www.family.co.jp/goods/salad/1250237.html,ピクルスの風味を生かした、どんなサラダにも合うサウザンアイランドドレッシングです。
すりおろし野菜ドレッシング,30,https://www.family.co.jp/goods/salad/1250213.html,たまねぎ・にんじん、２種の野菜の風味をいかしたドレッシングです。
ノンオイルドレッシング青じそ,20,https://www.family.co.jp/goods/salad/1250206.html,青じそのすっきりとした味と爽やかな香りをいかした青じそドレッシングです。
焙煎ごまドレッシング,25,https://www.family.co.jp/goods/salad/1250183.html,煎りごまの香ばしさとすりごまの濃厚なコクをいかした焙煎ごまドレッシングです。
和風ドレッシング,25,https://www.family.co.jp/goods/salad/1250176.html,ローストオニオンの甘みと醤油の風味をいかしたコクのある和風ドレッシングです。
1/3日分の野菜が摂れるカレーサラダランチ,480,https://www.family.co.jp/goods/salad/1212600.html,スーパー大麦入りの雑穀と生野菜に、カレーとチキンカツをのせたお弁当のようなサラダです。別添で「サウザンアイランドドレッシング」付きです。
まぜて食べる！パリパリ麺サラダ,368,https://www.family.co.jp/goods/salad/1212709.html,野菜とパリパリ麺をくずしながら食べるスナック感覚のサラダです。「玉ねぎしょうゆドレッシング」付きです。※宮崎県、鹿児島県では取り扱いがございません。
唐揚げマヨパスタサラダ,320,https://www.family.co.jp/goods/salad/1222456.html,醤油たれをかけた唐揚げとマヨをトッピングしました。「テリヤキマヨソース」付きです。
減塩和風ドレッシング,27,https://www.family.co.jp/goods/salad/1250220.html,第5回JSH減塩食品アワード金賞受賞※野菜のうまみをいかしたコクのある塩分25％オフの和風ドレッシングです。日頃塩分を気にする方にもおすすめです。※静岡県の一部では取り扱いございません。
瀬戸内海産しらすのサラダ,220,https://www.family.co.jp/goods/salad/1212723.html,瀬戸内海産のしらす、わかめ、大根、水菜などを組み合わせたサラダです。昆布ポン酢付きです。※宮崎県、鹿児島県では取り扱いがございません。
まぜサラダ　醤油ラーメン風味,320,https://www.family.co.jp/goods/salad/1222418.html,ポテトサラダ、麺、キャベツ等をお好みで混ぜ合わせることで、醤油ラーメン風味に変化していくサラダです。※宮崎県、鹿児島県では取り扱いがございません。
中華風春雨サラダ,200,https://www.family.co.jp/goods/salad/1222449.html,きゅうりとハムをトッピングした彩りのよい春雨サラダです。
プルコギ風サラダ,398,https://www.family.co.jp/goods/salad/1212617.html,プルコギ風に炒めた牛肉や玉ねぎ等と、ナムル、生野菜を一緒に食べるサラダです。ごま風味塩ドレッシング付きです。※宮崎県、鹿児島県では取り扱いがございません。
高原レタスのシーザーサラダ,332,https://www.family.co.jp/goods/salad/1212624.html,高原レタスを使用したシーザーサラダです。別添で「シーザーサラダドレッシング」付きです。※宮崎県、鹿児島県では取り扱いがございません。
高リコピントマトのサラダ,298,https://www.family.co.jp/goods/salad/1212693.html,高リコピントマト1個分を使用したサラダです。※ドレッシング別売りです。
豚しゃぶのサラダ,398,https://www.family.co.jp/goods/salad/1212471.html,豚しゃぶをたっぷりのせたボリュームあるサラダです。定番のごまドレッシング付きです。
モロヘイヤとオクラのサラダ,398,https://www.family.co.jp/goods/salad/1212570.html,ネバネバ食材のモロヘイヤとオクラをメインにしたサラダです。梅のノンオイルドレッシング付きです。
チョレギサラダ,320,https://www.family.co.jp/goods/salad/1212631.html,レタスなどの野菜とわかめを、特製のうま塩ドレッシングで食べるシンプルなサラダです。きざみ韓国海苔、うま塩ドレッシング付きです。
シャキシャキ根菜明太サラダ,200,https://www.family.co.jp/goods/salad/1222395.html,シャキシャキ食感のれんこんをメインに、ごぼうや蒸し鶏などを加え、明太ドレッシングで和えたサラダです。※宮崎県、鹿児島県では取り扱いがございません。
タイ風春雨サラダ,200,https://www.family.co.jp/goods/salad/1222425.html,ナンプラーやレモン汁を使用したタイ風春雨サラダです。
シーチキン&コーンサラダ,210,https://www.family.co.jp/goods/salad/1212556.html,シーチキン・コーン・ゆで玉子入りのサラダです。※ドレッシング別売りです。
ハムと北海道産ポテトのサラダ,235,https://www.family.co.jp/goods/salad/1212563.html,北海道産じゃがいもを使用したコクのあるポテトサラダと、ハムを組み合わせました。※ドレッシング別売りです。
蒸し鶏のサラダ,198,https://www.family.co.jp/goods/salad/1212587.html,ごまで和えた蒸し鶏をトッピングしたサラダです。※ドレッシング別売りです。
フレッシュ野菜サラダ,163,https://www.family.co.jp/goods/salad/1212686.html,キャベツ・グリーンリーフ・コーンなどの野菜を使用したシンプルなサラダです。※ドレッシング別売りです。
野菜と食べる！ラーメンサラダ,320,https://www.family.co.jp/goods/salad/1222470.html,塩しょうが味のドレッシングと、相性のよい蒸し鶏を組み合わせた中華麺のサラダです。塩しょうがドレッシング付きです。
野菜スティック（味噌マヨ）,258,https://www.family.co.jp/goods/salad/1212174.html,コクと香りが特徴の味噌マヨで食べるスティックサラダです。※宮崎県、鹿児島県では取り扱いがございません。
コールスローサラダ,200,https://www.family.co.jp/goods/salad/1222166.html,キャベツ・きゅうり・ハム・切干大根・コーンなどをコクのあるマヨネーズで和えたコールスローサラダです。※宮崎県、鹿児島県では取り扱いがございません。
ローストチキンのパスタサラダ,298,https://www.family.co.jp/goods/salad/1222135.html,パスタに野菜、ローストチキンを盛り付けました。和風オニオンドレッシング付きです。
オクラとなめこのネバネバサラダ,248,https://www.family.co.jp/goods/salad/1212037.html,オクラ・なめこ・長芋の３種トッピングでネバネバした食感を楽しめるサラダです。柚子ポン酢付きです。
枝豆とひじきの生姜風味鶏サラダ,200,https://www.family.co.jp/goods/salad/1223316.html,しょうががほんのりと香る和風のサラダです。
