たれめしおむすび（うなぎめし風）,120,https://www.family.co.jp/goods/omusubi/0411738.html
ほたてづくしおむすび,145,https://www.family.co.jp/goods/omusubi/0411769.html
キムチ炒飯おむすび,130,https://www.family.co.jp/goods/omusubi/0411776.html
牛すきおむすび,198,https://www.family.co.jp/goods/omusubi/0416887.html
とろっと煮玉子,230,https://www.family.co.jp/goods/omusubi/0411493.html
海老カツおむすび,198,https://www.family.co.jp/goods/omusubi/0416894.html
スーパー大麦　野沢菜ちりめん,128,https://www.family.co.jp/goods/omusubi/0411585.html
直巻　焼しゃけ,128,https://www.family.co.jp/goods/omusubi/0411622.html
青磯海苔　鮭とろ明太子,140,https://www.family.co.jp/goods/omusubi/0410823.html
たけのこづくしおむすび,135,https://www.family.co.jp/goods/omusubi/0411783.html
梅づくしおむすび,128,https://www.family.co.jp/goods/omusubi/0411639.html
とろさばおむすび,168,https://www.family.co.jp/goods/omusubi/0416849.html
スーパー大麦　紅鮭わかめ,128,https://www.family.co.jp/goods/omusubi/0411479.html
味覇チャーハンおむすび,130,https://www.family.co.jp/goods/omusubi/0411486.html
塩麹熟成鮭はらみおむすび,180,https://www.family.co.jp/goods/omusubi/0416795.html
ビビンバ風おむすび,140,https://www.family.co.jp/goods/omusubi/0411707.html
バラエティおかず＆おむすび,368,https://www.family.co.jp/goods/omusubi/0414456.html
いくら醤油漬けおむすび,198,https://www.family.co.jp/goods/omusubi/0416801.html
揚げあげおむすび,108,https://www.family.co.jp/goods/omusubi/0411547.html
手巻　日高昆布,118,https://www.family.co.jp/goods/omusubi/0410762.html
しらすづくしおむすび,130,https://www.family.co.jp/goods/omusubi/0411516.html
おむすび2ケ入,198,https://www.family.co.jp/goods/omusubi/0414418.html
直巻　明太子マヨネーズ,128,https://www.family.co.jp/goods/omusubi/0411677.html
3種おむすびとおかずセット,298,https://www.family.co.jp/goods/omusubi/0414432.html
手巻　紀州南高梅,120,https://www.family.co.jp/goods/omusubi/0410724.html
直巻　とり五目,124,https://www.family.co.jp/goods/omusubi/0411929.html
せいろ蒸し赤飯,130,https://www.family.co.jp/goods/omusubi/0412568.html
直巻　和風ツナマヨネーズ,118,https://www.family.co.jp/goods/omusubi/0411721.html
手巻　紅しゃけ,150,https://www.family.co.jp/goods/omusubi/0410540.html
手巻　辛子明太子,147,https://www.family.co.jp/goods/omusubi/0410700.html
手巻　シーチキンマヨネーズ,118,https://www.family.co.jp/goods/omusubi/0410694.html
牛カルビ焼肉カレー,598,https://www.family.co.jp/goods/obento/0614047.html
塩麹仕立てのさばほぐしごはん（スーパー大麦入り）,330,https://www.family.co.jp/goods/obento/0614498.html
甘辛牛焼肉とおくら丼,530,https://www.family.co.jp/goods/obento/0731744.html
山賊焼き弁当,530,https://www.family.co.jp/goods/obento/0616300.html
魚介の旨み！ミニエビピラフ,298,https://www.family.co.jp/goods/obento/0731706.html
ミニ海苔弁当,330,https://www.family.co.jp/goods/obento/0614337.html
にんにく醤油だれが決め手！スタミナ豚焼肉丼,530,https://www.family.co.jp/goods/obento/0614122.html
大豆のお肉！旨辛担々丼,498,https://www.family.co.jp/goods/obento/0731850.html
炙り焼三元豚のカルビ重（麦飯）,398,https://www.family.co.jp/goods/obento/0614276.html
海老チリ丼,498,https://www.family.co.jp/goods/obento/0731782.html
特製ダレの炙り焼牛カルビ重,550,https://www.family.co.jp/goods/obento/0614214.html
直火焼チャーシューと甘辛大豆のそぼろごはん（スーパー大麦入り）,330,https://www.family.co.jp/goods/obento/0614474.html
鶏めし&みぞれチキンカツ弁当,498,https://www.family.co.jp/goods/obento/0616171.html
牛肉重（キャベツ入り）,540,https://www.family.co.jp/goods/obento/0731775.html
ドーンとベーコン！メガ盛り弁当,598,https://www.family.co.jp/goods/obento/0616164.html
チャーシュー炒飯,398,https://www.family.co.jp/goods/obento/0614535.html
やわらか若鶏の唐揚弁当,460,https://www.family.co.jp/goods/obento/0616270.html
オイスターソースが決め手！チンジャオロース丼,498,https://www.family.co.jp/goods/obento/0731799.html
とろーり3種チーズの豚丼,498,https://www.family.co.jp/goods/obento/0731690.html
だし香る！ロースかつ丼,550,https://www.family.co.jp/goods/obento/0731713.html
【東京都・神奈川県限定】大豆のお肉！キーマカレー,498,https://www.family.co.jp/goods/obento/0731720.html
旨辛！四川風麻婆豆腐丼,398,https://www.family.co.jp/goods/obento/0731645.html
濃厚な味わい！欧風ビーフカレー,450,https://www.family.co.jp/goods/obento/0731409.html
スパイス香る！バターチキンカレー,460,https://www.family.co.jp/goods/obento/0731614.html
とろーり玉子のデミオムライス,450,https://www.family.co.jp/goods/obento/0731607.html
おろしタツタ弁当（すだちぽん酢）,498,https://www.family.co.jp/goods/obento/0616287.html
ふんわり玉子の親子丼,450,https://www.family.co.jp/goods/obento/0731584.html
明太海苔弁当,450,https://www.family.co.jp/goods/obento/0616539.html
幕の内弁当,430,https://www.family.co.jp/goods/obento/0616485.html
【関西地方・中国・四国地方・九州地方限定】幕の内弁当,398,https://www.family.co.jp/goods/obento/0616492.html
3色そぼろ&チキン南蛮弁当,498,https://www.family.co.jp/goods/obento/0616256.html
鶏そぼろ弁当,298,https://www.family.co.jp/goods/obento/0614443.html
こだわりカレー,298,https://www.family.co.jp/goods/obento/0614009.html
ねぎとろ巻,398,https://www.family.co.jp/goods/sushi/0750684.html
香り箱の寿司,145,https://www.family.co.jp/goods/sushi/0510332.html
五目鶏めしいなり寿司,138,https://www.family.co.jp/goods/sushi/0515009.html
いなり&おむすびセット,388,https://www.family.co.jp/goods/sushi/0515016.html
海鮮巻2種,430,https://www.family.co.jp/goods/sushi/0750615.html
手巻寿司　おくら納豆,145,https://www.family.co.jp/goods/sushi/0510073.html
ねばねば！まぐろたたき納豆丼,448,https://www.family.co.jp/goods/sushi/0750707.html
ツナサラダ巻とカニカマ巻,300,https://www.family.co.jp/goods/sushi/0514699.html
手巻寿司　シーチキン(R)マヨネーズ,120,https://www.family.co.jp/goods/sushi/0511018.html
サラダ巻2種,430,https://www.family.co.jp/goods/sushi/0750691.html
スーパー大麦いなり寿司　青しそ,145,https://www.family.co.jp/goods/sushi/0515153.html
手巻寿司　まぐろたたき（青まぜ）,159,https://www.family.co.jp/goods/sushi/0510059.html
助六寿司,398,https://www.family.co.jp/goods/sushi/0515085.html
いなり寿司3ヶ入,200,https://www.family.co.jp/goods/sushi/0515504.html
手巻寿司　納豆,138,https://www.family.co.jp/goods/sushi/0511001.html
サーモンづくし,398,https://www.family.co.jp/goods/sushi/0750646.html
納豆細巻寿司,298,https://www.family.co.jp/goods/sushi/0514620.html
チキンカツサンド,330,https://www.family.co.jp/goods/sandwich/0912822.html
全粒粉サンド　サラダチキンとチェダーチーズ,278,https://www.family.co.jp/goods/sandwich/0912815.html
全粒粉サンド　ベーコンレタストマト,298,https://www.family.co.jp/goods/sandwich/0911276.html
全粒粉サンドスモークサーモンツナポテトサラダ,298,https://www.family.co.jp/goods/sandwich/0912785.html
全粒粉サンド　ツナたまきゅうり,220,https://www.family.co.jp/goods/sandwich/0911283.html
フルーツミックスサンド,298,https://www.family.co.jp/goods/sandwich/0912761.html
ツナたまごサンド,220,https://www.family.co.jp/goods/sandwich/0912778.html
ミックスサンド,257,https://www.family.co.jp/goods/sandwich/0910385.html
シャキシャキレタスサンド,259,https://www.family.co.jp/goods/sandwich/0910514.html
海老カツサンド,378,https://www.family.co.jp/goods/sandwich/0912716.html
ハムチーズたまごサンド,230,https://www.family.co.jp/goods/sandwich/0912754.html
全粒粉サンド　ハムサラダ,220,https://www.family.co.jp/goods/sandwich/0912730.html
全粒粉サンド　パストラミビーフ&ポーク,320,https://www.family.co.jp/goods/sandwich/0912792.html
全粒粉サンド　サラダチキンと半熟たまご,298,https://www.family.co.jp/goods/sandwich/0912808.html
たまごサンド,198,https://www.family.co.jp/goods/sandwich/0912723.html
ハムカツたまごサンド,240,https://www.family.co.jp/goods/sandwich/0912655.html
厚切りロースカツサンド,378,https://www.family.co.jp/goods/sandwich/0912679.html
ミックスサンドBOX,320,https://www.family.co.jp/goods/sandwich/0910521.html
テリヤキチキンとたまごのサンド,298,https://www.family.co.jp/goods/sandwich/0912280.html
たまハムミックスサンド,278,https://www.family.co.jp/goods/sandwich/0910897.html
ジューシーハムサンド,270,https://www.family.co.jp/goods/sandwich/0910484.html
スパイシーハム&コーンパン,128,https://www.family.co.jp/goods/bread/1520330.html
4種のチーズフランス,149,https://www.family.co.jp/goods/bread/1520354.html
レモンチーズタルト,138,https://www.family.co.jp/goods/bread/1536782.html
レモネード蒸しケーキ,138,https://www.family.co.jp/goods/bread/1536775.html
レモンパイ,128,https://www.family.co.jp/goods/bread/1535921.html
ミニチョコクロワッサン4個入,118,https://www.family.co.jp/goods/bread/1517385.html
フランスパン（カスタード）,118,https://www.family.co.jp/goods/bread/1532265.html
抹茶あんぱん（きなこホイップ）,120,https://www.family.co.jp/goods/bread/1530438.html
くるみのカンパーニュ3枚入,149,https://www.family.co.jp/goods/bread/1517439.html
メンチカツバーガー,158,https://www.family.co.jp/goods/bread/1526288.html
クランベリー&チーズクリームパン,128,https://www.family.co.jp/goods/bread/1530360.html
ちぎれる黒糖サンド（ミルクホイップクリーム）,118,https://www.family.co.jp/goods/bread/1532227.html
枝豆とチーズのフーガス,138,https://www.family.co.jp/goods/bread/1520293.html
ポテトとチーズのデニッシュ,138,https://www.family.co.jp/goods/bread/1520149.html
ホイップカスタードデニッシュ,110,https://www.family.co.jp/goods/bread/1535365.html
ハムとチーズの三つ編みパン,138,https://www.family.co.jp/goods/bread/1520545.html
たい焼きみたいなデニッシュ（つぶあん）,138,https://www.family.co.jp/goods/bread/1535389.html
ロースハム&たまごドーナツ,138,https://www.family.co.jp/goods/bread/1524208.html
包み焼きピザ（トマト&チーズ）,138,https://www.family.co.jp/goods/bread/1520576.html
バターチキンカレーパン,138,https://www.family.co.jp/goods/bread/1520569.html
チョコパイ4個入,168,https://www.family.co.jp/goods/bread/1517057.html
マカロンデニッシュ（桃）,128,https://www.family.co.jp/goods/bread/1535167.html
もちっと白桃パンケーキ,128,https://www.family.co.jp/goods/bread/1536751.html
ももクリームパン,138,https://www.family.co.jp/goods/bread/1530605.html
たまごドッグ,110,https://www.family.co.jp/goods/bread/1526172.html
ソフトなチーズクリームパン,120,https://www.family.co.jp/goods/bread/1531275.html
ハムカツたまごドッグ,128,https://www.family.co.jp/goods/bread/1526332.html
コロッケ&たまごドッグ,138,https://www.family.co.jp/goods/bread/1526370.html
スイートツイスト,120,https://www.family.co.jp/goods/bread/1517415.html
メロンパン,110,https://www.family.co.jp/goods/bread/1531343.html
くるみ&カマンベールチーズデニッシュ,138,https://www.family.co.jp/goods/bread/1520552.html
ささみカツドッグ,158,https://www.family.co.jp/goods/bread/1526400.html
焼きそばドッグ,138,https://www.family.co.jp/goods/bread/1526417.html
クリームドーナツ,118,https://www.family.co.jp/goods/bread/1538779.html
なめらかチョコクリームパン5個入,108,https://www.family.co.jp/goods/bread/1517101.html
レーズン&クランベリー,128,https://www.family.co.jp/goods/bread/1531282.html
チキンパイ（タンドリーチキン風味）,138,https://www.family.co.jp/goods/bread/1520538.html
なめらかピーナッツクリームパン5個入,108,https://www.family.co.jp/goods/bread/1517118.html
つぶあんぱん,115,https://www.family.co.jp/goods/bread/1530599.html
なめらかクリームパン5個入,108,https://www.family.co.jp/goods/bread/1517088.html
スイートくるみコッペ,128,https://www.family.co.jp/goods/bread/1532432.html
大きいウインナー,128,https://www.family.co.jp/goods/bread/1520316.html
もっちり食感マフィンチキン南蛮,198,https://www.family.co.jp/goods/bread/1526219.html
マスタードとチーズのパン,118,https://www.family.co.jp/goods/bread/1520521.html
ミニつぶあんぱん5個入,120,https://www.family.co.jp/goods/bread/1517040.html
しっとりケーキ（角切りチーズ）,128,https://www.family.co.jp/goods/bread/1536867.html
チョコカスタードペストリー,138,https://www.family.co.jp/goods/bread/1535358.html
国産りんごのアップルパイ（レモン香るさわやか仕立て）,158,https://www.family.co.jp/goods/bread/1535907.html
明太フランス,138,https://www.family.co.jp/goods/bread/1520477.html
コッペパン（つぶあん&マーガリン）,128,https://www.family.co.jp/goods/bread/1532166.html
チョコクリームコロネ,128,https://www.family.co.jp/goods/bread/1530469.html
クリームを味わうクリームパン,138,https://www.family.co.jp/goods/bread/1530315.html
もっちパン（ベーコン&たまご）,108,https://www.family.co.jp/goods/bread/1520286.html
ちぎれるオニオンブレッド（コーン&ベーコン）,130,https://www.family.co.jp/goods/bread/1520231.html
ちぎれる三角サンド,118,https://www.family.co.jp/goods/bread/1532531.html
ほんのり甘くてやわらかい食パン3枚,95,https://www.family.co.jp/goods/bread/1510065.html
ほんのり甘くてやわらかい食パン5枚,149,https://www.family.co.jp/goods/bread/1510331.html
ほんのり甘くてやわらかい食パン6枚,149,https://www.family.co.jp/goods/bread/1510355.html
北海道牛乳のスティック4本入,118,https://www.family.co.jp/goods/bread/1517347.html
ちぎれるシュガーマーガリンのパン,110,https://www.family.co.jp/goods/bread/1531374.html
コッペパン（ダブルピーナッツ）,130,https://www.family.co.jp/goods/bread/1532104.html
ハムチーズクロワッサン,130,https://www.family.co.jp/goods/bread/1520446.html
コッペパン（イチゴジャム&マーガリン）,120,https://www.family.co.jp/goods/bread/1532142.html
チョコづくしコッペパン,168,https://www.family.co.jp/goods/bread/1532616.html
てりやきチキン&たまご,130,https://www.family.co.jp/goods/bread/1520248.html
チーズマヨトースト,138,https://www.family.co.jp/goods/bread/1520392.html
ベーコン&エッグデニッシュ,128,https://www.family.co.jp/goods/bread/1520262.html
きなこあげぱん,108,https://www.family.co.jp/goods/bread/1538748.html
ふんわりピザパン,128,https://www.family.co.jp/goods/bread/1520279.html
シューロール（ホイップクリーム）,108,https://www.family.co.jp/goods/bread/1532401.html
ミニスイートクロワッサン5個入,108,https://www.family.co.jp/goods/bread/1517248.html
タルタルソースとフライドチキンのパン,149,https://www.family.co.jp/goods/bread/1520156.html
チョコツイスト,120,https://www.family.co.jp/goods/bread/1517323.html
しみ旨フレンチトースト,130,https://www.family.co.jp/goods/bread/1531299.html
ツイストドーナツ３本入,108,https://www.family.co.jp/goods/bread/1517286.html
チョコクロワッサン,128,https://www.family.co.jp/goods/bread/1535280.html
チョコデニッシュ食パン（ベルギーチョコ入りクリーム）３枚入,138,https://www.family.co.jp/goods/bread/1514018.html
ふんわりホットケーキ（メープル＆マーガリン）,108,https://www.family.co.jp/goods/bread/1536812.html
カレーパン３個入,128,https://www.family.co.jp/goods/bread/1517408.html
ケーキドーナツ（プレーン＆チョコ）４個入,158,https://www.family.co.jp/goods/bread/1517330.html
たまご蒸しぱん,110,https://www.family.co.jp/goods/bread/1537567.html
デニッシュ食パン（バターと生クリーム入り）３枚入,138,https://www.family.co.jp/goods/bread/1514025.html
つぶあんドーナツ,118,https://www.family.co.jp/goods/bread/1538625.html
ロールケーキ（バニラクリーム）４枚入,138,https://www.family.co.jp/goods/bread/1517170.html
チョコチップスナック６本入,108,https://www.family.co.jp/goods/bread/1517156.html
スナックスティック６本入,108,https://www.family.co.jp/goods/bread/1517149.html
カレーパン,128,https://www.family.co.jp/goods/bread/1524154.html
チーズカレーパン,130,https://www.family.co.jp/goods/bread/1524178.html
フレンチトーストサンド（ハム＆チーズ）,149,https://www.family.co.jp/goods/bread/1520484.html
手巻きフランクロール,168,https://www.family.co.jp/goods/bread/1520507.html
アップルクリームデニッシュ,118,https://www.family.co.jp/goods/bread/1535372.html
もちもちくるみパン,118,https://www.family.co.jp/goods/bread/1531237.html
北海道メロンパン,128,https://www.family.co.jp/goods/bread/1530452.html
ちぎれるミルクパン（シールド乳酸菌入り）,118,https://www.family.co.jp/goods/bread/1531312.html
もっちり食感マフィンハムチーズエッグ,138,https://www.family.co.jp/goods/bread/1526394.html
あらびきチョリソーソーセージ,130,https://www.family.co.jp/goods/bread/1520071.html
和風ツナパン,118,https://www.family.co.jp/goods/bread/1520194.html
マーガリン入り黒糖ロールパン（沖縄黒糖使用）4個入,138,https://www.family.co.jp/goods/bread/1515046.html
ひと口もち食感チーズ（北海道産ナチュラルチーズ）,138,https://www.family.co.jp/goods/bread/1520170.html
手巻きソーセージドーナツ,118,https://www.family.co.jp/goods/bread/1524116.html
ハムチーズマヨ,110,https://www.family.co.jp/goods/bread/1520385.html
濃厚ミルクフランス,130,https://www.family.co.jp/goods/bread/1532319.html
マーガリン入りロールパン4個入,108,https://www.family.co.jp/goods/bread/1515022.html
マーガリン入りレーズンロールパン4個入,108,https://www.family.co.jp/goods/bread/1515039.html
バターロール4個入,108,https://www.family.co.jp/goods/bread/1515008.html
レーズンバターロール4個入,108,https://www.family.co.jp/goods/bread/1515015.html
小麦香るしっとりとした食パン６枚,108,https://www.family.co.jp/goods/bread/1510249.html
たっぷりクリームデニッシュ,100,https://www.family.co.jp/goods/bread/1535013.html
ミニチョコクロワッサン（４個入）,118,https://www.family.co.jp/goods/bread/1517262.html
しっとりケーキ（チョコ）,128,https://www.family.co.jp/goods/bread/1536799.html
全粒粉入りトルティーヤ（牛焼肉）,398,https://www.family.co.jp/goods/roll/0921688.html
タルタルソースの唐揚ロール,198,https://www.family.co.jp/goods/roll/0925570.html
ピザサンド　Wウインナー&BBQソース,250,https://www.family.co.jp/goods/roll/0971478.html
ごまこっぺ　ハーブ香る白身魚フライ,268,https://www.family.co.jp/goods/roll/0921657.html
全粒粉入りトルティーヤ（タコスミート）,398,https://www.family.co.jp/goods/roll/0921671.html
全粒粉入りトルティーヤ（テリヤキチキン）,398,https://www.family.co.jp/goods/roll/0921633.html
ラップスティック　サラダチキン　バジルマヨ仕立て,268,https://www.family.co.jp/goods/roll/0921664.html
全粒粉入りトルティーヤ（ベーコンポテト）,398,https://www.family.co.jp/goods/roll/0921640.html
トルティーヤ　スパイスカレー,250,https://www.family.co.jp/goods/roll/0971454.html
石窯パリジャンサンド（ハム＆チーズ）,330,https://www.family.co.jp/goods/roll/0920964.html
ピザサンド　明太もちチーズ,250,https://www.family.co.jp/goods/roll/0971447.html
ホットドッグ,198,https://www.family.co.jp/goods/roll/0920001.html
トルティーヤ　チーズタッカルビ,250,https://www.family.co.jp/goods/roll/0971171.html
ピザサンド　ピザポテト味,270,https://www.family.co.jp/goods/roll/0971430.html
トルティーヤ　ハム＆チーズ,230,https://www.family.co.jp/goods/roll/0971164.html
ピザサンド　Ｗあらびきウィンナー＆ＨＯＴチリソース,250,https://www.family.co.jp/goods/roll/0971409.html
ピザサンド　４種のチーズ＆ベーコン,250,https://www.family.co.jp/goods/roll/0971423.html
ピザサンド　完熟トマトのマルゲリータ,240,https://www.family.co.jp/goods/roll/0971386.html
ピザサンド　グリルチキン＆バジルマヨ,250,https://www.family.co.jp/goods/roll/0971393.html
ロコモコ風バーガー,338,https://www.family.co.jp/goods/burger/0921534.html
ソーセージエッグマフィン,235,https://www.family.co.jp/goods/burger/0921602.html
ベーコンエッグチーズバーガー,348,https://www.family.co.jp/goods/burger/0921510.html
ダブル海老カツバーガー,348,https://www.family.co.jp/goods/burger/0921039.html
チーズバーガー,198,https://www.family.co.jp/goods/burger/0920636.html
タルタルフィッシュバーガー,260,https://www.family.co.jp/goods/burger/0920704.html
フライドチキンバーガー,298,https://www.family.co.jp/goods/burger/0921015.html
冷し鶏天おろしうどん,498,https://www.family.co.jp/goods/udon/0810302.html
冷し豚キムチうどん,498,https://www.family.co.jp/goods/udon/0810265.html
だし香る！醤油焼うどん,398,https://www.family.co.jp/goods/udon/0823500.html
冷し納豆そば,460,https://www.family.co.jp/goods/soba/0810319.html
のどごしなめらかざるそば,356,https://www.family.co.jp/goods/soba/0810036.html
冷しとろろそば,450,https://www.family.co.jp/goods/soba/0810067.html
辛旨だれが決め手！台湾風まぜそば,498,https://www.family.co.jp/goods/noodle/0812238.html
豚カルビとねぎの大盛塩焼そば,490,https://www.family.co.jp/goods/noodle/0823548.html
冷しサラダ担担麺,486,https://www.family.co.jp/goods/noodle/0810326.html
1/3日分の野菜が摂れる塩あんかけ焼そば,498,https://www.family.co.jp/goods/noodle/0823531.html
特製ソースが決め手！ソース焼そば,398,https://www.family.co.jp/goods/noodle/0823432.html
ごまだれ冷し中華,486,https://www.family.co.jp/goods/noodle/0810883.html
盛岡風冷麺,498,https://www.family.co.jp/goods/noodle/0810739.html
ゆず塩まぜそば,498,https://www.family.co.jp/goods/noodle/0812221.html
1/3日分の野菜が摂れる明太子焼ビーフン,398,https://www.family.co.jp/goods/noodle/0823524.html
冷しちゃんぽん,498,https://www.family.co.jp/goods/noodle/0811149.html
汁なし担担麺,450,https://www.family.co.jp/goods/noodle/0823517.html
冷し醤油ラーメン,460,https://www.family.co.jp/goods/noodle/0811125.html
冷しにんにく醤油ラーメン,550,https://www.family.co.jp/goods/noodle/0810906.html
リンガーハット監修　長崎皿うどん,550,https://www.family.co.jp/goods/noodle/0823487.html
大盛にんにく醤油ラーメン,550,https://www.family.co.jp/goods/noodle/0812054.html
醤油海老ワンタン麺,480,https://www.family.co.jp/goods/noodle/0812214.html
炙り焼チャーシューの冷し中華,498,https://www.family.co.jp/goods/noodle/0810852.html
具だくさんミニ冷し中華,356,https://www.family.co.jp/goods/noodle/0810869.html
魚介豚骨つけ麺,498,https://www.family.co.jp/goods/noodle/0812160.html
辛口味噌まぜそば,498,https://www.family.co.jp/goods/noodle/0812733.html
挽肉と野菜の旨みミートソース,398,https://www.family.co.jp/goods/pasta/0822763.html
大盛　チキンのガーリックトマトパスタ,498,https://www.family.co.jp/goods/pasta/0820868.html
挽肉と野菜の旨みミートソース,398,https://www.family.co.jp/goods/pasta/0822756.html
冷たいパスタ　サラダチキンとトマト,460,https://www.family.co.jp/goods/pasta/0822770.html
和パスタ　旨塩あさり,430,https://www.family.co.jp/goods/pasta/0822725.html
甘辛だれのテリヤキチキンパスタ,498,https://www.family.co.jp/goods/pasta/0822732.html
冷たいパスタ　蒸し鶏のゆず胡椒ソース,430,https://www.family.co.jp/goods/pasta/0822749.html
ジューシーナポリタン,398,https://www.family.co.jp/goods/pasta/0822671.html
大盛ペペロンチーノ　ベーコン&ウインナー,498,https://www.family.co.jp/goods/pasta/0820813.html
和パスタ　梅と豚しゃぶ,480,https://www.family.co.jp/goods/pasta/0822831.html
大盛　和パスタ　鶏のにんにく醤油焼き,498,https://www.family.co.jp/goods/pasta/0820486.html
リトルパスタ　旨辛トマトのペンネ,298,https://www.family.co.jp/goods/pasta/0822640.html
和パスタ　焼きとうもろこしとツナ,380,https://www.family.co.jp/goods/pasta/0822626.html
4種チーズのカルボナーラ,450,https://www.family.co.jp/goods/pasta/0820783.html
たらこスパゲティ,398,https://www.family.co.jp/goods/pasta/0820653.html
大盛　トマトの旨み！ミートソース,480,https://www.family.co.jp/goods/pasta/0822596.html
大盛明太子スパゲティ,450,https://www.family.co.jp/goods/pasta/0820455.html
1/3日分の野菜が摂れるサラダ,298,https://www.family.co.jp/goods/salad/1212730.html
刺身こんにゃくと海藻のサラダ,300,https://www.family.co.jp/goods/salad/1212747.html
蒸し鶏と博多明太子のパスタサラダ,320,https://www.family.co.jp/goods/salad/1222463.html
野菜たっぷり！蒸し鶏のパスタサラダ,398,https://www.family.co.jp/goods/salad/1222487.html
もち麦と根菜ひじきのサラダ,210,https://www.family.co.jp/goods/salad/1222494.html
サウザンアイランドドレッシング,30,https://www.family.co.jp/goods/salad/1250237.html
1/3日分の野菜が摂れるカレーサラダランチ,480,https://www.family.co.jp/goods/salad/1212600.html
まぜて食べる！パリパリ麺サラダ,368,https://www.family.co.jp/goods/salad/1212709.html
唐揚げマヨパスタサラダ,320,https://www.family.co.jp/goods/salad/1222456.html
減塩和風ドレッシング,27,https://www.family.co.jp/goods/salad/1250220.html
すりおろし野菜ドレッシング,30,https://www.family.co.jp/goods/salad/1250213.html
ノンオイルドレッシング青じそ,20,https://www.family.co.jp/goods/salad/1250206.html
焙煎ごまドレッシング,25,https://www.family.co.jp/goods/salad/1250183.html
和風ドレッシング,25,https://www.family.co.jp/goods/salad/1250176.html
瀬戸内海産しらすのサラダ,220,https://www.family.co.jp/goods/salad/1212723.html
まぜサラダ　醤油ラーメン風味,320,https://www.family.co.jp/goods/salad/1222418.html
中華風春雨サラダ,200,https://www.family.co.jp/goods/salad/1222449.html
プルコギ風サラダ,398,https://www.family.co.jp/goods/salad/1212617.html
高原レタスのシーザーサラダ,332,https://www.family.co.jp/goods/salad/1212624.html
高リコピントマトのサラダ,298,https://www.family.co.jp/goods/salad/1212693.html
豚しゃぶのサラダ,398,https://www.family.co.jp/goods/salad/1212471.html
モロヘイヤとオクラのサラダ,398,https://www.family.co.jp/goods/salad/1212570.html
チョレギサラダ,320,https://www.family.co.jp/goods/salad/1212631.html
シャキシャキ根菜明太サラダ,200,https://www.family.co.jp/goods/salad/1222395.html
タイ風春雨サラダ,200,https://www.family.co.jp/goods/salad/1222425.html
シーチキン&コーンサラダ,210,https://www.family.co.jp/goods/salad/1212556.html
ハムと北海道産ポテトのサラダ,235,https://www.family.co.jp/goods/salad/1212563.html
蒸し鶏のサラダ,198,https://www.family.co.jp/goods/salad/1212587.html
フレッシュ野菜サラダ,163,https://www.family.co.jp/goods/salad/1212686.html
野菜と食べる！ラーメンサラダ,320,https://www.family.co.jp/goods/salad/1222470.html
雑穀と根菜ひじきのサラダ,210,https://www.family.co.jp/goods/salad/1222302.html
野菜たっぷり！担担風パスタサラダ,398,https://www.family.co.jp/goods/salad/1222333.html
1/3日分の野菜が摂れるサラダ,298,https://www.family.co.jp/goods/salad/1212358.html
鮮やか海老のパスタサラダ,354,https://www.family.co.jp/goods/salad/1222371.html
野菜スティック（味噌マヨ）,258,https://www.family.co.jp/goods/salad/1212174.html
コールスローサラダ,200,https://www.family.co.jp/goods/salad/1222166.html
ローストチキンのパスタサラダ,298,https://www.family.co.jp/goods/salad/1222135.html
オクラとなめこのネバネバサラダ,248,https://www.family.co.jp/goods/salad/1212037.html
枝豆とひじきの生姜風味鶏サラダ,200,https://www.family.co.jp/goods/salad/1223316.html
シーザーサラダドレッシング,30,https://www.family.co.jp/goods/salad/1250190.html
