金しゃりおにぎり　神戸牛甘露焼,249,https://www.lawson.co.jp/recommend/original/detail/1401754_1996.html,日本を代表する和牛ブランドのひとつ「神戸ビーフ」を使用。醤油と砂糖、昆布とかつおのダブルだしで上品な味わいに炊き上げた、ちょっと贅沢な金しゃりおにぎり。
金しゃりおにぎり　霧島黒豚青唐みそ,215,https://www.lawson.co.jp/recommend/original/detail/1401753_1996.html,宮崎県産ブランド豚「霧島黒豚」を使用。豚肉と相性のよい味噌ソースと青唐辛子を合わせたピリッと辛い夏向けの味わいです。
金しゃりおにぎり　九州産うなぎ,298,https://www.lawson.co.jp/recommend/original/detail/1401752_1996.html,土用の丑の日にスタミナ満点のうなぎおにぎり！まろやかなうまみのうなぎたれを混ぜ込んだごはんで九州産うなぎを包みました。アクセントに山椒を加え、うなぎのうまみを引き立てています。
手巻おにぎり　明太クリチ,150,https://www.lawson.co.jp/recommend/original/detail/1401511_1996.html,マヨネーズを使ったアレンジ飯！第3弾は、相性のよい、明太子×クリームチーズにマヨネーズを合わせた新感覚の組み合わせ！明太子のプチプチ食感とクリームチーズのさっぱりとした味わいがベストマッチです！
もち麦入り枝豆と塩昆布おにぎり,125,https://www.lawson.co.jp/recommend/original/detail/1401510_1996.html,栄養価が高く食感のよい枝豆と、うまみのある塩昆布を混ぜ込んだ風味のよいおにぎりです。雑穀(黒米・もちきび・はと麦)をプラスしたもち麦ごはんを使用しています。
おにたまセット(和風シーチキンマヨネーズ・おかか),260,https://www.lawson.co.jp/recommend/original/detail/1401509_1996.html,「和風シーチキンマヨネーズ」と「おかか」のおにぎりに、ベーシックなおかず(玉子焼)を添えた、お買い得なセットメニューです。商品名「おにたま」の「おに」にちなんだ虎柄のパッケージでインパクト抜群です！
おにからセット(シーチキンマヨネーズ・おかか),260,https://www.lawson.co.jp/recommend/original/detail/1401508_1996.html,「シーチキンマヨネーズ」と「おかか」のおにぎりに、ベーシックなおかず(唐揚)を添えた、お買い得なセットメニューです。商品名「おにから」の「おに」にちなんだ虎柄のパッケージでインパクト抜群です！
悪魔のおにぎり,110,https://www.lawson.co.jp/recommend/original/detail/1396861_1996.html,「おいしすぎてついつい食べ過ぎてしまう」ことから名付けられた人気の「悪魔のおにぎり」！白だしで炊いたご飯に天かす・天つゆ・青のり・あおさのシンプルな組み合わせがやみつきに！今回は、ベースの白だしご飯の味付けの見直しを図りました。
ここだけにぎり(ビビンパの具),145,https://www.lawson.co.jp/recommend/original/detail/1400786_1996.html,人気メニューのおいしいところだけ！?「ここだけにぎり」の「ビビンパ」です。韓国風のだしをきかせたご飯に人参ナムル・小松菜ナムル・きざみ海苔・コチュジャン・ごま油などを混ぜ込み、濃厚な牛そぼろを包みました。
金しゃりおにぎり　焼さけハラミ,198,https://www.lawson.co.jp/recommend/original/detail/1396884_1996.html,脂のりのよいアトランティックサーモンのハラミを塩糀に漬け込み香ばしく焼き上げた看板メニュー「焼さけハラミ」です。
金しゃりおにぎり　焼さけいくら,215,https://www.lawson.co.jp/recommend/original/detail/1398447_1996.html,金しゃりおにぎり新メニューは、アトランティックサーモンといくらの親子にぎり！脂ののったアトランティックサーモンの背を香ばしく焼き上げ食べやすくほぐし身に。相性のよいマスのいくら醤油漬を添えました。香ばしいさけとジューシーないくらが相性ピッタリです。
金しゃりおにぎり　いくら醤油漬,198,https://www.lawson.co.jp/recommend/original/detail/1396883_1996.html,水揚げ後に鮮度のよいまま漬け込んだ、食感のよいいくらを使用。醤油の風味のよいシンプルな味付けのいくらが、ご飯のおいしさを引き立てます。
金しゃりおにぎり　熟成すじこ醤油漬,198,https://www.lawson.co.jp/recommend/original/detail/1396882_1996.html,一晩じっくり漬け込んで熟成させた紅鮭すじこを使用。醤油の風味のよいシンプルな味付けのすじこが、ご飯のおいしさを引き立てます。
金しゃりおにぎり　熟成生たらこ,198,https://www.lawson.co.jp/recommend/original/detail/1400508_1996.html,選び抜いたたらこ原料をじっくり熟成させ、素材のうまみを引き出しています。バランスのよいうまみがご飯のおいしさを引き立てます。
金しゃりおにぎり　炙り辛子明太子,198,https://www.lawson.co.jp/recommend/original/detail/1396881_1996.html,アラスカで漁獲されたスケソウダラの真子を調味液に漬け込み、うまみを凝縮しました。一腹ごと直火で表面を炙ることで香ばしい風味と粒感を引き出しています。
金しゃりおにぎり　とろさば塩糀漬焼,198,https://www.lawson.co.jp/recommend/original/detail/1400507_1996.html,もっとも脂ののっている冬の石巻港で漁獲された、厳選した金華さばを塩糀と甘酒に漬けこみ、香ばしく焼き上げました。
金しゃりおにぎり　塩にぎり,100,https://www.lawson.co.jp/recommend/original/detail/1396877_1996.html,ご飯の美味しさを存分に楽しめる、具なし・海苔なしの素朴な塩にぎりです
手巻おにぎり　シーチキンマヨネーズ,120,https://www.lawson.co.jp/recommend/original/detail/1396876_1996.html,定番の「シーチキンマヨネーズ」おにぎり。今回は、原料を見直し、より食感とうまみをアップさせています。また、より多くの方に安心して召しあがっていただけるよう、添加物の削減を進めるべく味付けの見直しを図りました。
手巻おにぎり　焼鮭ほぐし,150,https://www.lawson.co.jp/recommend/original/detail/1396875_1996.html,大きめにほぐした焼鮭をたっぷり包んだ手巻タイプの定番メニュー「焼鮭ほぐし」です。骨を丸ごと使用した鮭フレークでより鮭本来のうまみを味わえます。
手巻おにぎり　さけ明太,150,https://www.lawson.co.jp/recommend/original/detail/1400785_1996.html,粗ほぐしにした鮭+明太子に濃厚なマヨネーズを添えた相性のよい組み合わせ！角切りにした玉ねぎを加え、食感をプラスしています。マヨネーズには鮭だしを配合し、味のバランスをとりました。
手巻おにぎり　紀州南高梅,125,https://www.lawson.co.jp/recommend/original/detail/1396874_1996.html,日本一のブランド梅である「紀州南高梅」を使用した定番メニュー。今回は「あらごし梅」を配合し、梅肉比率をアップ。より梅のおいしさと存在感を楽しめる仕立てとしました。
手巻おにぎり　おかか,116,https://www.lawson.co.jp/recommend/original/detail/1396869_1996.html,ふんわりと口どけのよいおかかをたっぷり包んだ定番の「おかか」おにぎり。今回は、原料を見直し、より食感とうまみをアップさせています。また、より多くの方に安心して召しあがっていただけるよう、添加物の削減を進めるべく、味付けの見直しを図りました。
手巻おにぎり　日高昆布,120,https://www.lawson.co.jp/recommend/original/detail/1396873_1996.html,まろやかでおいしい北海道産の日高昆布の昆布佃煮をたっぷり包みました。今回は、味付けの見直しを図り、より食感とうまみをアップさせています。
手巻おにぎり　熟成辛子明太子,150,https://www.lawson.co.jp/recommend/original/detail/1396872_1996.html,3種の唐辛子を配合し辛み・うまみ・甘みをバランス仕上げた、定番メニュー「辛子明太子」です。
手巻おにぎり　熟成焼たらこ,150,https://www.lawson.co.jp/recommend/original/detail/1396871_1996.html,うまみをしっかりと感じられる漬け込み・熟成工程をとり、バーナーで香ばしく焼き上げました。自然なたらこの風味・うまみを感じられる味付けとしています。
大きなおにぎり　唐揚マヨネーズ,180,https://www.lawson.co.jp/recommend/original/detail/1397676_1996.html,見た目のインパクトとボリューム感にこだわった人気の「大きなおにぎり」！大きめにカットした唐揚げに、香味野菜や香辛料をきかせた甘辛いタレとマヨネーズを添えた、1食で満足出来るボリューム満点のおにぎりです。
和風シーチキンマヨネーズおにぎり,116,https://www.lawson.co.jp/recommend/original/detail/1396868_1996.html,甘めに味付けをした醤油味のご飯にシーチキンマヨネーズを添えた「和風シーチキンマヨネーズ」です。
鶏五目おにぎり,130,https://www.lawson.co.jp/recommend/original/detail/1396870_1996.html,鶏肉・ごぼう・筍・にんじん・椎茸をたっぷり混ぜ込んだ鶏五目おにぎりです。鶏肉は「阿波尾鶏」を使用しています。
胡麻さけおにぎり,120,https://www.lawson.co.jp/recommend/original/detail/1396867_1996.html,うまみの強いさけと風味のよい金ごまをたっぷり混ぜ込んだ、「胡麻さけおにぎり」。今回は、より多くの方に安心して召しあがっていただけるよう、塩分ダウン・添加物の削減を進めるべく、味付けの見直しを図りました。
わかめごはんおにぎり,120,https://www.lawson.co.jp/recommend/original/detail/1396865_1996.html,歯ごたえのよいわかめと、風味のよい白ごまをたっぷり混ぜ込んだ定番の「わかめごはん」です。より多くの方に安心して召しあがっていただけるよう、塩分ダウン・添加物の削減を進めるべく、味付けの見直しを図りました。
梅しそごはんおにぎり　,120,https://www.lawson.co.jp/recommend/original/detail/1401345_1996.html,2種の梅(カリカリ梅・梅肉)を白だしで炊いたご飯にたっぷりと混ぜ込み、種抜きの梅干を表面にトッピング！今回は、梅肉・ゆかりの配合量をUPし、梅のおいしさをより感じられる仕立てとしました。
玄米おにぎり　おかかたくあん　,125,https://www.lawson.co.jp/recommend/original/detail/1401344_1996.html,白だしをきかせた玄米ご飯に、風味のよい「おかか」とみじん切りにした食感のよい「たくあん」を混ぜ込みました。栄養豊富な玄米を手軽においしく食べられます。
おこわおにぎり　赤飯,135,https://www.lawson.co.jp/recommend/original/detail/1396862_1996.html,豆(ささげ)の香りと風味に徹底的にこだわった、もちもち食感の「赤飯おこわ」です。
おにぎりランチ,360,https://www.lawson.co.jp/recommend/original/detail/1391048_1996.html,定番の「シーチキンマヨネーズ」と「さけ」のおにぎりに、ベーシックなおかず(コロッケ・唐揚げ・ハンバーグ・玉子焼・ウインナー・たくあん)を添えた、手軽に食べられるセットメニューです。
厳選手巻寿司　うなぎ山椒,298,https://www.lawson.co.jp/recommend/original/detail/1401727_1996.html,海苔は従来品よりもランクアップした厳選上級品を使用。大きめにカットしたうなぎに、国内産の石臼挽き粉山椒を添えた、ちょっと贅沢な手巻寿司です！
ねぎとろ巻　8巻,399,https://www.lawson.co.jp/recommend/original/detail/1401513_1996.html,メバチマグロとキハダマグロを使用した、まぐろ本来の味をしっかりと感じられるねぎとろ巻です。中具量を増量し食べごたえをUPさせています。
細巻納豆　8巻,265,https://www.lawson.co.jp/recommend/original/detail/1401512_1996.html,3種の重ねだし(かつお・昆布・あご)と、高級割烹醤油「本膳」で食べる納豆巻です。芳醇な香りとコクのある酢飯が納豆のうまみを引き立てます。
手巻寿司　ねぎとろ(増量),180,https://www.lawson.co.jp/recommend/original/detail/1397579_1996.html,メバチマグロとキハダマグロを使用した、まぐろ本来の味をしっかりと感じられるねぎとろ巻です。わさびは伊豆天城産を使用。醤油たれにはねぎを加え風味をアップしています。
手巻寿司　海老マヨ(増量),160,https://www.lawson.co.jp/recommend/original/detail/1397578_1996.html,ぷりぷり食感で風味のよい天然海老を使用。コクがありながらも、海老本来のおいしさ・食感を味わえるマヨソースで和えました。マヨソースには、レモンの風味と角切りの玉ねぎを加え、爽やかな風味と食感のアクセントをつけています。
手巻寿司　納豆(増量),140,https://www.lawson.co.jp/recommend/original/detail/1397577_1996.html,極小粒大豆を100％使用。高級割烹醤油「本膳」と「濃厚甘口本膳」をブレンドし、鰹節・昆布だし・椎茸だしを加えて、芳醇なだしの風味を楽しめる納豆巻です。
手巻寿司　ねぎとろ,180,https://www.lawson.co.jp/recommend/original/detail/1394051_1996.html,メバチマグロとキハダマグロを使用した、まぐろ本来の味をしっかりと感じられるねぎとろ巻です。わさびは伊豆天城産を使用。
手巻寿司　海老マヨ,160,https://www.lawson.co.jp/recommend/original/detail/1394050_1996.html,ぷりぷり食感で風味のよい天然海老を使用。コクがありながらも、海老本来のおいしさ・食感を味わえるマヨソースで和えました。マヨソースには、レモンの風味と角切りの玉ねぎを加え、爽やかな風味と食感のアクセントをつけています。
手巻寿司　納豆,140,https://www.lawson.co.jp/recommend/original/detail/1394049_1996.html,極小粒大豆を100％使用。高級割烹醤油「本膳」と「濃厚甘口本膳」をブレンドし、鰹節・昆布だし・椎茸だしを加えて、芳醇なだしの風味を楽しめる納豆巻です。
厳選手巻寿司　とろサーモンいくら,220,https://www.lawson.co.jp/recommend/original/detail/1400509_1996.html,海苔は従来品よりもランクアップした厳選上級品を使用。とろサーモンに相性のよいいくら醤油漬を添えました。パリッとした海苔と、とろっとしたサーモン・プチプチのいくらの食感が楽しいちょっと贅沢な手巻寿司です！
厳選手巻寿司　アンガス牛赤ワインソース,220,https://www.lawson.co.jp/recommend/original/detail/1401346_1996.html,海苔は従来品よりもランクアップした厳選上級品を使用。程よい脂身で柔らかな肉質が特徴のアンガス牛の焼肉に、赤ワインと玉ねぎを加えたコクのある醤油ダレを添えた、ちょっと贅沢な手巻寿司です！
おいなりさん　五目,140,https://www.lawson.co.jp/recommend/original/detail/1390180_1996.html,五目寿司の定番具材（にんじん・ごぼう・たけのこ・ひじき・れんこん・ごま）をたっぷりと混ぜ込んだごろごろ食感の五目酢飯を、にごり白だしでだしのうまみたっぷりの薄皮でジューシーないなり皮で包みました。今回は、よりやわらかで、だし感アップしたいなり皮を目指し、改良を図りました。
おいなりさん　わさび2個,160,https://www.lawson.co.jp/recommend/original/detail/1398163_1996.html,静岡県産本わさびの茎わさびと、わさび風味オイルを混ぜ込んだクセになる辛さの酢飯を、薄皮でジューシーないなり皮で包みました。味付けには氷砂糖を使用し、すっきりとしたキレ味のよい甘さに仕上げました。また、気温の上昇する時期に合わせて、辛みをUPさせています。
おいなりさん　3個入り,200,https://www.lawson.co.jp/recommend/original/detail/1398162_1996.html,にごり白だしでだしのうまみたっぷりのいなり寿司です。味付けには氷砂糖を使用し、すっきりとしたキレ味のよい甘さに仕上げました。
おいなりさん　うずら卵と鶏めし,180,https://www.lawson.co.jp/recommend/original/detail/1390183_1996.html,鶏肉と鶏そぼろを混ぜ込んだ酢飯の中央にうずら卵を丸々トッピング！だしのうまみたっぷり！薄皮でジューシーないなり皮で包みました。酢飯にはアクセントに生姜を加え食べ飽きない仕立てとしました。
助六寿司,399,https://www.lawson.co.jp/recommend/original/detail/1398161_1996.html,太巻といなりのベーシックな組み合わせな助六寿司のリニューアル！いなり皮の味付けには氷砂糖を使用し、すっきりとしたキレ味のよい甘さに仕上げました。
ツナとカニカマのサラダ巻,320,https://www.lawson.co.jp/recommend/original/detail/1398448_1996.html,シーチキンにたまごそぼろ・きゅうりを添えた「ツナマヨ巻」3巻と、カニカマにグリーンリーフ・玉子焼を添えた「カニカマ巻」2巻のベーシックな組み合わせです。
唐揚マヨと牛焼肉巻,365,https://www.lawson.co.jp/recommend/original/detail/1391395_1996.html,醤油タレにほんのり生姜をきかせた甘辛タレにマヨネーズを添えた「唐揚マヨ巻」3巻と、ベーシックな焼肉のタレで味付け、相性のよい玉葱ソテーと小松菜ナムルを添えた「牛焼肉巻」2巻のボリューム満点の組合せです！
ハンバーグ＆エビフライ弁当,550,https://www.lawson.co.jp/recommend/original/detail/1401736_1996.html,大きなハンバーグとエビフライでボリュームたっぷり食べごたえ満点！鉄板の組み合わせ！にんじん・ブロッコリー・コーン・スパゲティなど彩りを加え、見た目にもこだわりました。
豚生姜焼弁当,498,https://www.lawson.co.jp/recommend/original/detail/1401735_1996.html,バラ肉と肩肉を使用し、より食べごたえのある豚生姜焼に変更しました。生姜焼のタレは、冷凍生姜・おろし生姜・生姜粉末を使用し、生姜の味をしっかりと感じられる味付けにしています。
スパイシーチキンカツカレー,550,https://www.lawson.co.jp/recommend/original/detail/1401518_1996.html,国産鶏むね肉を使用したチキンカツに、ウスターソースを加えたスパイシーなカレールーを合わせました。ご飯はたっぷり270gと1食で満足できる仕立てです。
ミニジャンバラヤ,320,https://www.lawson.co.jp/recommend/original/detail/1401517_1996.html,スパイシーなミニサイズのジャンバラヤを販売します。鶏肉は氷温熟成®鶏肉を使用し、たまごやブロッコリー、コーンなどで彩りよく盛り付けました。
お手軽和風幕の内,399,https://www.lawson.co.jp/recommend/original/detail/1398858_1996.html,さばの竜田揚げ・コロッケ・煮物の他、つくねや玉子焼などいろいろなおかずが楽しめる、値ごろ感のあるお求めになりやすい幕の内弁当です。
紅鮭和風幕の内,550,https://www.lawson.co.jp/recommend/original/detail/1397582_1996.html,魚・煮物・肉・副菜のバランスがとれた和風の幕の内弁当です。きれいな紅色が特徴の大きな紅鮭をメインに、豚ヒレカツ・煮物・厚焼玉子などを盛り付けました。
白身フライのり弁当,450,https://www.lawson.co.jp/recommend/original/detail/1390938_1996.html,メイン具材の白身フライとちくわ天をボリュームアップ！玉子焼・コロッケ・明太子をトッピングし、おかずも満足。容器を一回り大きく変更し、海苔の黒い部分も見えて見栄えも向上しました。
ハンバーグ＆ウインナー弁当,550,https://www.lawson.co.jp/recommend/original/detail/1398453_1996.html,大きなハンバーグとウインナーでボリュームたっぷり食べごたえ満点！鉄板の組み合わせ！にんじん・ブロッコリー・コーン・スパゲティなど彩りを加え、見た目にもこだわりました。
おろし竜田弁当,498,https://www.lawson.co.jp/recommend/original/detail/1400791_1996.html,竜田揚げの肉と衣の比率を変更し、衣のサクサク感がアップ。おろしポン酢は、国産大根おろしと徳島県産ゆず・すだち果汁を使用した具材感のある仕立てに変更。ご飯はわかめご飯をあわせています。
チキン南蛮弁当,550,https://www.lawson.co.jp/recommend/original/detail/1390936_1996.html,本場宮崎のチキン南蛮の製法を参考に、衣に卵を加えて揚げた鶏肉は、約1.5倍に重量アップして食べごたえ十分。ご飯もボリュームたっぷりの設計です。
鶏照焼丼,450,https://www.lawson.co.jp/recommend/original/detail/1398165_1996.html,塩麹に漬込んでうまみが上がり柔らかくなった鶏もも肉をじっくり焼き上げ、ごはんのすすむ照焼に仕上げました。鶏そぼろ・玉子そぼろ・きんぴらごぼう等を盛り付けました。
豚生姜焼弁当,498,https://www.lawson.co.jp/recommend/original/detail/1399066_1996.html,生姜焼のタレは、冷凍生姜、おろし生姜、生姜粉末を使用し、生姜の味をしっかりと感じられる味付けにしています。さらに、乾燥たまねぎ、みじん切り玉ねぎ、みじん切り生姜を配合し、具材感を出しています。ご飯も約270gとボリュームたっぷりです。
直火焼さば弁当,498,https://www.lawson.co.jp/recommend/original/detail/1400790_1996.html,ふっくらした脂のりの良いノルウェー産の塩焼さばがメインのお弁当です。にんじん・がんも・こんにゃく等を副菜として盛り付けました。
炒飯＆唐揚弁当,598,https://www.lawson.co.jp/recommend/original/detail/1401349_1996.html,しっかり炒めた香ばしい炒飯に中華系の定番おかずを詰め込みました。唐揚・エビチリ・ナムル・筍煮など、中華には欠かせないおかずを入れたおかずたっぷりなお弁当です。
雑穀ごはんとおかずまんさい弁当,530,https://www.lawson.co.jp/recommend/original/detail/1400518_1996.html,少しずつ多品目が食べられるお弁当をコンセプトに、さばの竜田揚げ(黒酢たれ和え)・鶏つくね・玉子焼き・煮物など様々なおかずを盛り付けたバランスのよいお弁当です。ご飯は十六穀入りご飯を使用しています。
ミニ鶏そぼろごはん,320,https://www.lawson.co.jp/recommend/original/detail/1398857_1996.html,いろいろ少しづつ食べたいニーズに応えるため、ごはん約160gのミニ弁当です。鶏そぼろ・卵そぼろ・野沢菜の具材を盛り付けました。
だしの旨み！牛丼(アンガス牛使用),450,https://www.lawson.co.jp/recommend/original/detail/1401734_1996.html,コクのある醤油・牛骨スープ・日本酒等を配合したこだわりのたれでアンガス牛と玉ねぎを煮込んで仕上げました。別添唐辛子付きです。
ねぎ塩豚カルビ弁当(もち麦入りご飯),399,https://www.lawson.co.jp/recommend/original/detail/1401733_1996.html,氷温熟成®豚肉を使用し、ネギ入りの塩だれで仕上げた定番商品です。豚カルビと相性の良いもち麦入りご飯を使用し、旨みのあるたれで食べ応えのある仕立てです。箸休めとなるもやし人参ナムル付きです。
四川風麻婆丼,430,https://www.lawson.co.jp/recommend/original/detail/1401732_1996.html,辛味のきいた四川風麻婆豆腐。醤油や味噌、畜肉のうまみをベースに、豆板醤や豆鼓、数種類の香辛料を配合した風味豊かな麻婆ソースでご飯との相性をよく仕上げました。
海老チリ丼,498,https://www.lawson.co.jp/recommend/original/detail/1401731_1996.html,甘みと辛さのある海老チリと白飯を組み合わせました。豆板醤の辛みとすっきりとした甘さの海老チリ。海老チリは衣をつけてプリッとした食感のある海老を使用しています。
ポン酢で食べる豚しゃぶとろろ丼(もち麦入り),530,https://www.lawson.co.jp/recommend/original/detail/1401516_1996.html,豚バラ肉をメインに、もやし・玉ねぎ・キャベツ・にんじんをもち麦入りご飯にのせて食べる仕様です。ぽん酢とゆず胡椒で、暑い時期でもさっぱり食べられる豚しゃぶ丼です。
16DELI　十六穀ごはんの完熟トマトソースハンバーグ,498,https://www.lawson.co.jp/recommend/original/detail/1399065_1996.html,ハンバーグの肉の配合をアップしさらにおいしくなりました。完熟トマトソースを使用し、玉ねぎを加えて、食感が楽しめるソースに仕上げました。
16DELI　十六穀ごはんの鶏香味ソース,498,https://www.lawson.co.jp/recommend/original/detail/1400789_1996.html,香味野菜を使ったさっぱりとしたソースをからめた鶏のから揚げをメインに、かぼちゃ・にんじん・ブロッコリー・なすなどの彩りのよい野菜をあわせました。下段には十六穀ご飯入り。
ダールカレー＆カシューナッツチキンカレー,498,https://www.lawson.co.jp/recommend/original/detail/1400516_1996.html,フランス産レンズ豆を使用したダールカレーとカシューナッツペーストとチキンを入れたカシューナッツカレーの2種類のカレーが楽しめます。ご飯は玄米を使用し、よく噛んで食べることで素材のうまみが感じられます。
ふわとろ玉子と濃厚デミソースのオムライス,450,https://www.lawson.co.jp/recommend/original/detail/1391282_1996.html,鶏もも肉、玉ねぎをあわせたチキンライスを、ふんわり、とろとろ食感が楽しめるたまごで包みました。じっくり煮込んだ濃厚な味わいのデミソースとチキンライスの程よい酸味で最後まで飽きずにお召し上がりいただけます。
とろとろ玉子の特製親子丼(氷温熟成®鶏肉使用),450,https://www.lawson.co.jp/recommend/original/detail/1397680_1996.html,氷温熟成®鶏肉を使用し、鶏のエキスやかつお節をきかせた出汁で仕上げた親子丼です。たまごの配合を見直し、とろとろたまごに仕上げました。
だしの旨み！牛丼(アンガス牛肉使用),450,https://www.lawson.co.jp/recommend/original/detail/1390272_1996.html,ごはんと牛煮込みを増量し、更に満足感のある仕立てへ。コクのある醤油・日本酒等を配合したこだわりのたれでアンガス牛と玉ねぎを煮込んで仕上げました。別添唐辛子付きです。
氷温熟成®豚肉の特製ロースかつ丼,550,https://www.lawson.co.jp/recommend/original/detail/1397679_1996.html,氷温熟成®豚肉を使ったうまみのあるこだわりのロースカツの重量と厚さをアップ。たまごの配合も見直し、たまごの味わいがより感じられるようにしました。
ねぎ塩豚カルビ弁当　(もち麦入りご飯),399,https://www.lawson.co.jp/recommend/original/detail/1391056_1996.html,氷温熟成®した旨みある豚バラ肉をネギ入りの塩だれで仕上げた定番商品です。豚カルビと相性のよいもち麦入りご飯に変更しました。旨みのあるたれで食べ応えのある仕立てにしています。箸休めとなる、もやし人参ナムル付きです。
海老と野菜の中華丼,550,https://www.lawson.co.jp/recommend/original/detail/1400517_1996.html,プリプリの海老を使用し、さらにおいしく、色も鮮やかに。中華あんにはラードを付与しコクをさらにアップ。※1食分の野菜を使用した食べごたえのある丼です。(ご飯は白飯です)※1日当りの摂取量の目標350g以上(厚生労働省「健康日本21」より)
花椒香る！旨辛麻婆豆腐丼,430,https://www.lawson.co.jp/recommend/original/detail/1392093_1996.html,4種類の醤を使用し、あとから山椒風味の調味油を加えることで、蓋を開けた際に香りが広がる麻婆豆腐丼にしました。ごはんと麻婆豆腐の割合も変更し、最後までごはんと麻婆豆腐がバランスよく食べられるようにしました。
チョコプリンサンド,298,https://www.lawson.co.jp/recommend/original/detail/1401744_1996.html,チョコプリンをホイップクリームとサンドした商品です。プリンはひとつひとつを工場で焼き上げました。ココア風パンとチョコソースを添え、チョコを楽しむスイーツサンドです。
ジューシーハムサンド,258,https://www.lawson.co.jp/recommend/original/detail/1401743_1996.html,ジューシーで柔らかいポークハムが楽しめるハムサンドです。折り重ねたハムにきゅうりの食感と、辛子マヨネーズがアクセントです。
ミックスサンド,258,https://www.lawson.co.jp/recommend/original/detail/1401529_1996.html,ツナサラダ・レタスハム・たまごサラダの3層仕立てです。具材が3種類それぞれ楽しめる商品です。レタスハム層は、フレンチドレッシングでさわやかな仕立てです。
全粒粉入　野菜ミックスサンド,258,https://www.lawson.co.jp/recommend/original/detail/1401528_1996.html,レタス・トマトとハム・きゅうりを合わせたサラダサンドと、ポテトサラダを合わせた2層タイプです。サラダサンドは、フレンチドレッシングでさわやかな仕立てです。
シャキシャキレタスサンド,258,https://www.lawson.co.jp/recommend/original/detail/1401527_1996.html,シャキシャキのレタスとハム、チェダーチーズをサンドしました。使用しているドレッシングは、フレンチドレッシングでさわやかな仕立てです。
ジューシーハムサンド,258,https://www.lawson.co.jp/recommend/original/detail/1397691_1996.html,ジューシーで柔らかいポークハムを楽しめるハムサンドです。きゅうりと、辛子マヨネーズがアクセントです。食パンはふんわり、しっとりとした食感へリニューアルしました。
やさしいサラダ3つ,248,https://www.lawson.co.jp/recommend/original/detail/1401356_1996.html,お子様も安心して喫食いただけるように、からし・マスタード等を不使用で仕立てた3種類のサラダをサンドしました。ハムコーンサラダ・たまごサラダ&ポテトサラダ・ツナきゅうりサラダの優しい味わいのサラダ3種類です。
たまごサンド,228,https://www.lawson.co.jp/recommend/original/detail/1390289_1996.html,たまごのおいしさを味わっていただけるようシンプルな味付けにしています。たまごのコク・味わいをさらにアップし、濃厚な味わいです。
ツナ＆たまごサンド,228,https://www.lawson.co.jp/recommend/original/detail/1390290_1996.html,たまごサラダは、たまごのコク・味わいがさらにアップし、濃厚な味わいです。ジューシーなツナサラダサンドとたまごサンドの2層仕立てです。
ハムチーズたまごサンド,298,https://www.lawson.co.jp/recommend/original/detail/1391294_1996.html,ハム・チーズ・たまごを彩りよく組み合わせました。チェダーチーズとクリームチーズの組み合わせで2種類の味が楽しめます。
照焼チキンたまごサンド,298,https://www.lawson.co.jp/recommend/original/detail/1397590_1996.html,鶏もも肉のスライスを甘めでコクのあるタレで味付けしました。タレが染み込んだジューシーな照り焼きチキンが特徴。たまごサラダは、ゆでたまごスライスと合わせ、たまごのおいしさを楽しめます。
ハムカツ＆焼きそばサンド,278,https://www.lawson.co.jp/recommend/original/detail/1397589_1996.html,分厚いハムカツと甘めのソースで味付けした焼きそば、たまごサンドを組み合わせたボリューム感あふれるサンドです。
チキンカツサンド,348,https://www.lawson.co.jp/recommend/original/detail/1398864_1996.html,チルドでも、ジューシーにやわらかなチキンカツサンドです。千切りキャベツとからしがアクセントです。
濃厚プリンサンド,298,https://www.lawson.co.jp/recommend/original/detail/1398463_1996.html,濃厚なプリンをホイップクリームとサンドした商品です。カラメルソースが味わいを引き締めています。
SAND FULL　ローストビーフとたまご,438,https://www.lawson.co.jp/recommend/original/detail/1400531_1996.html,ローストビーフとマッシュポテト、グリーンレタスに赤ワインソースをアクセントにしたサンドと、たまごを楽しめるサンドの2層仕立てです。
SAND FULL　ももミックス,397,https://www.lawson.co.jp/recommend/original/detail/1401355_1996.html,ごろっとしたカットサイズの白桃と黄桃が楽しめます。ホイップクリームにヨーグルトクリームがアクセントです。
ハムとたまごBOX,298,https://www.lawson.co.jp/recommend/original/detail/1391415_1996.html,たまごサンド、レタスハムサンドの2種類を組み合わせたBOXサンドです。複数名でシェアして食べられます。6層入っています。持ち運びやすいように、横長の形状です。
ひれかつBOX,378,https://www.lawson.co.jp/recommend/original/detail/1396846_1996.html,ひれかつのBOXサンドイッチです。家族や友達と分け合ったり、持ち運びがしやすいBOXタイプのサンドイッチです。甘めのソースで味付けしました。
パリッとジューシーなホットドッグ,148,https://www.lawson.co.jp/recommend/original/detail/1390298_1996.html,ホットドック向けのセミハードロールパンにジューシーでパリッとしたウィンナーと粒マスタード、ケチャップのシンプルな組み合わせです。
チーズバーガー,198,https://www.lawson.co.jp/recommend/original/detail/1390299_1996.html,香辛料をきかせ、肉のおいしさを引き出したハンバーグパティに、チェダーチーズとオニオン入りケチャップと合わせました。
タルタルたっぷり！フィッシュバーガー,260,https://www.lawson.co.jp/recommend/original/detail/1390300_1996.html,白身魚のフィッシュフライをチーズとタルタルソースと合わせてサンドしました。ゆで卵・炒め玉ねぎ・ピクルス入りのタルタルソースたっぷりで、ジューシーに食べられます。
グーードッグ　とろけるコク旨チーズ,298,https://www.lawson.co.jp/recommend/original/detail/1400530_1996.html,パリッとジューシーなソーセージをトッピングし、ホワイトソースとチェダーチーズソース、モザレラチーズをトッピングしました。黒胡椒マヨがアクセントです。
グーードッグ　トマトオニオン,298,https://www.lawson.co.jp/recommend/original/detail/1400804_1996.html,大きくパリッとジューシーなソーセージをトッピングし、ダイストマト・オニオン・ピクルスを添え、ピリリとハラペーニョをきかせました。
マルゲリータ,230,https://www.lawson.co.jp/recommend/original/detail/1400529_1996.html,ふっくら、もっちりとした生地で自家製トマト・ソースとモッツァレラチーズを包みました。
トルティーヤ　ハム＆4種のチーズ,230,https://www.lawson.co.jp/recommend/original/detail/1398462_1996.html,トルティーヤ生地に、4種のとろけるチーズをトッピングしました。
トルティーヤ　プルコギ,248,https://www.lawson.co.jp/recommend/original/detail/1398461_1996.html,コチュジャン調味料のコク深い辛み、隠し味に洋梨果汁、リンゴ果汁のフルーティな甘みが特徴です。
ダブルウインナー＆トマト・ソース,248,https://www.lawson.co.jp/recommend/original/detail/1400528_1996.html,ふっくら、もっちりとした生地でウインナーと粒マスタード入りトマト・ソースを包みました。
バターチキンカレー,268,https://www.lawson.co.jp/recommend/original/detail/1398460_1996.html,マイルドなカレーソースとごろっとした鶏むね肉、チーズをナン風生地で包みました。
ふわふわ、とろとろのフレンチトースト,198,https://www.lawson.co.jp/recommend/original/detail/1390307_1996.html,「ふわふわ、とろとろ」の食感に仕上げたフレンチトーストです。
マチノパン　はちみつ×チーズ、たまにくるみ,150,https://www.lawson.co.jp/recommend/original/detail/1401749_1996.html,歯切れのよい生地に、クセになる甘じょっぱい味付けのカマンベール入りチーズクリームと、はちみつソース、くるみを包みました。
クッキーデニッシュコロネ　フロマージュ,135,https://www.lawson.co.jp/recommend/original/detail/1401748_1996.html,デニッシュ生地とクッキー生地の2種類の生地を使用した食感を楽しめるコロネに、ミルクホイップにクリームチーズとレモン果汁を加えたホイップクリームを注入しました。
四角いキーマカレーパン,140,https://www.lawson.co.jp/recommend/original/detail/1401747_1996.html,もっちりとした食感の生地に具材感のあるキーマカレーフィリングを包み、チーズをトッピングしました。上部を十字にカットし、中身の具材感が見える商品です。
てりやきハンバーガー,116,https://www.lawson.co.jp/recommend/original/detail/1401746_1996.html,しっとりとした食感のバンズに、ほぐれ感のあるパティとてりやきソース、マヨネーズをサンドしました。
タルタルソースのフィッシュバーガー,145,https://www.lawson.co.jp/recommend/original/detail/1401745_1996.html,しっとりとした食感のバンズに、フィッシュフライと具材感のあるタルタルソースをサンドしました。フィッシュフライと相性がよいこだわりのタルタルソースです。
塩バニラメロンパン,140,https://www.lawson.co.jp/recommend/original/detail/1401533_1996.html,ほんのり塩味がありしっとりとした生地に、塩バニラクッキー生地を被せ、北海道産生クリーム入りの塩バニラホイップをサンドしました。塩の塩味とホイップクリームのあまさがクセになる商品です。
グリル野菜とミートソースのデニッシュ,145,https://www.lawson.co.jp/recommend/original/detail/1401532_1996.html,レンコンや赤ピーマン、玉ねぎなどを配合した食感のあるトマトペーストのフィリングと、トマトをベースにしたミートフィリングをあわせ、チーズとパセリをトッピングしました。
あらびきソーセージのこんがりチーズパン,135,https://www.lawson.co.jp/recommend/original/detail/1401531_1996.html,もっちりとした食感の生地に、あらびきソーセージとピザソースを包み、チーズをトッピングして焼き上げました。
NL　モーニングオルジュ　2個入,120,https://www.lawson.co.jp/recommend/original/detail/1401530_1996.html,大麦入りの生地に、プルーンピューレとはちみつを配合した2個入りの食事パンです。マーガリン・ショートニング・上白糖を使用せずにプルーンとはちみつで自然の甘さを表現しました。オルジュとはフランス語で大麦という意味です。
マチノパン　ふわふわやわらかミニブレッド　3枚入,180,https://www.lawson.co.jp/recommend/original/detail/1390309_1996.html,はちみつと生クリーム、バターをたっぷり使用した、しっとり、もっちりとした「ミニ食パン」をイメージしたパンです。そのまま食べても、トーストしてもお楽しみいただけます。
マチノパン　あんこ天国,150,https://www.lawson.co.jp/recommend/original/detail/1397092_1996.html,しっとりとした生地に粒あんをたっぷり包んだ、ずっしりとしたあんぱんです。使用しているつぶあんについては、氷砂糖を入れて一緒に炊くことで、雑味の無いスッキリとした上品な甘さに仕上げています。あんこ好きにはたまらないあんぱんです。
マチノパン　Wクリーム角ぱん,160,https://www.lawson.co.jp/recommend/original/detail/1390311_1996.html,しっとり口どけの良いパン生地で、北海道牛乳使用の濃厚なカスタードクリームと、なめらかなカスタードクリームを入れた、中身がぎっしり詰まった2層のクリームパンです。
マチノパン　ブルーベリー＆クリームチーズ　2個入,150,https://www.lawson.co.jp/recommend/original/detail/1401360_1996.html,発酵種を使用した小麦風味豊かな生地にブルーベリーを練り込み、チーズクリームを包みました。具材感のあるベリーと濃厚なチーズクリームの相性がぴったりの商品です。
マチノパン　フランスパンのフレンチトースト　2個入,150,https://www.lawson.co.jp/recommend/original/detail/1390316_1996.html,小麦の風味豊かなフランスパン生地を焼き上げた後、たまご味のフレンチ液をしっかりと両面に染み込ませ、再度オーブンで焼き上げました。中はじゅわっともっちりした食感で、外側は香ばしい味わいです。
マチノパン　ミルクとバターのフランスパン,150,https://www.lawson.co.jp/recommend/original/detail/1390317_1996.html,フランス産小麦の小麦粉が入った香りのよいパンに、練乳やバターを配合した濃厚感のあるミルククリームをサンドしました。
マチノパン　めんたいフランス,150,https://www.lawson.co.jp/recommend/original/detail/1390319_1996.html,長時間熟成種「ルヴァン」を使用したフランスパン生地に、粒残りの良い明太子フィリングをサンドし、更に上部にもトッピングしました。明太子をたっぷり使用し、プチプチ食感が楽しめる仕立てです。
マチノパン　ほぐし牛肉の焼カレーパン,150,https://www.lawson.co.jp/recommend/original/detail/1400539_1996.html,口どけのよいパン生地に、ほぐした牛肉の存在感があり、じっくり炒めた玉ねぎのうまみのある欧風カレーを包み、顆粒チーズとパセリをトッピングし焼き上げました。
カスタードケーキデニッシュ,110,https://www.lawson.co.jp/recommend/original/detail/1400538_1996.html,歯切れのよいデニッシュ生地に、カスタードクリームとカステラ風味のケーキ生地を包みました。
クリーミーホイップデニッシュ,135,https://www.lawson.co.jp/recommend/original/detail/1390320_1996.html,デニッシュの中に、コクがありながら口溶けのよいホイップクリームをたっぷり入れました。
チョコレートデニッシュ,135,https://www.lawson.co.jp/recommend/original/detail/1390321_1996.html,発酵バター入りマーガリンを使用したデニッシュ生地で、ミルク感のあるチョコレートを包み焼き上げました。ほんのりバターが香るデニッシュに仕上げました。
はみでる板チョコデニッシュ,150,https://www.lawson.co.jp/recommend/original/detail/1400537_1996.html,デニッシュ生地に口どけのよいミルクホイップと、タマゴ感のあるカスタードクリームを混ぜたカスタードホイップクリームと、板チョコをサンドしました。デニッシュ生地からはみでた板チョコは存在感があり、カスタードホイップとの相性もよい商品です。
大きなデニッシュドーナツ,110,https://www.lawson.co.jp/recommend/original/detail/1390323_1996.html,丁寧に油脂を生地に折り込んで層にし、棒状にした生地をツイストしながら大きな8の字に成型してフライした、口どけのよいドーナツです。
バター香るジューシーフレンチトースト,135,https://www.lawson.co.jp/recommend/original/detail/1390779_1996.html,発酵バターが入ったバター入りマーガリンとフレンチ液を使用した、バターの風味が香るふんわり、やわらかなフレンチトーストです。
ふかふかもっちのクグロフ　マスカルポーネ,140,https://www.lawson.co.jp/recommend/original/detail/1401359_1996.html,しっとりしながらもふわっ、もちっとした新食感の生地に、マスカルポーネチーズ入りクリームをサンドしました。
ピヨたんのまんまるケーキ　2個入,120,https://www.lawson.co.jp/recommend/original/detail/1400811_1996.html,たまごを使用したふんわりとした生地に、カスタードクリームを底面に絞りました。かわいいひよこの焼印が売場でも目を引きます。
ふわふわホットケーキ　国産小麦粉使用　2個入,110,https://www.lawson.co.jp/recommend/original/detail/1390324_1996.html,ふんわり、しっとりとした食感の生地に、メープルシロップとアルデンヌ産発酵バター入りのホイップマーガリンをサンドしました。
チョコバナナのもちっとパンケーキ2個入,140,https://www.lawson.co.jp/recommend/original/detail/1400536_1996.html,国産小麦の小麦粉を使用したもっちり、しっとり食感の生地に、バナナジャムとチョコチップ入りのバナナホイップクリームをはさみました。
発酵バターが決め手！ふんわりメロンパン,116,https://www.lawson.co.jp/recommend/original/detail/1390327_1996.html,しっとりとしたバターと乳のコク味のあるパン生地に、発酵バターを配合したクッキー生地を被せて焼き上げたメロンパンです。
ちぎれるミルクフランス　発酵バター入りクリーム使用,130,https://www.lawson.co.jp/recommend/original/detail/1397090_1996.html,風味がよく、ちぎりやすくスリットを入れたソフトフランス生地を香ばしく焼き上げ、濃厚なミルククリームをサンドしました。
ふわっとしたコッペ　つぶあん＆マーガリン,116,https://www.lawson.co.jp/recommend/original/detail/1394073_1996.html,ボリュームのあるロールパンに、つぶあんとマーガリンをサンドしました。
ふわっとしたコッペ　いちごジャム＆マーガリン,116,https://www.lawson.co.jp/recommend/original/detail/1394072_1996.html,ボリュームたっぷりのパンに、いちごジャムとマーガリンをサンドしました。
もっちコッペ　つぶつぶピーナッツ,130,https://www.lawson.co.jp/recommend/original/detail/1394071_1996.html,もっちりとした生地に、粒感のあるピーナッツクリームをサンドしました。
もっちチョコパン,116,https://www.lawson.co.jp/recommend/original/detail/1390329_1996.html,もちもちとした生地に、チョコクリームとチョコチップを折り込みました。
ベルギーチョコホイップロール,130,https://www.lawson.co.jp/recommend/original/detail/1397089_1996.html,ふんわりとした白いパンに、濃厚ながらも口どけのよいチョコクリームをサンドし、食感のあるチョコチップをトッピングしました。
珈琲あんぱん,140,https://www.lawson.co.jp/recommend/original/detail/1400810_1996.html,しっとりとした生地にコーヒー餡を包み、練乳をベースにしたホイップクリームを注入、コーヒー味のチョコを一粒トッピングしました。ほろにがいコーヒー餡と甘いホイップクリームの組み合わせがクセになるあんぱんです。
ぶどうぱん　シュガーマーガリン入,110,https://www.lawson.co.jp/recommend/original/detail/1400535_1996.html,レーズンを配合したロール生地に、塩味のきいた食感がよいシュガーマーガリンをサンドしました。ボリューム感があり食べやすい仕立てのぶどうパンです。
アップルパイ～シナモン仕立て～,150,https://www.lawson.co.jp/recommend/original/detail/1390332_1996.html,サクッとした食感のパイ生地に、蜜づけリンゴとカスタードを絞り焼き上げました。蜜づけリンゴにシナモンを加え、カスタードとの甘さのバランスが絶妙な味わいに。リンゴをダイレクトに感じていただけるような仕立てにしています。トーストするとさらにおいしくお召し上がり頂けます。
ごろごろおいも,140,https://www.lawson.co.jp/recommend/original/detail/1398868_1996.html,鳴門金時いもあんを巻き込んだデニッシュ生地にケーキ生地を絞り、鹿児島県産「やごろう金時」のダイスをトッピングしました。
ミルクチュロッキー　北海道産牛乳,110,https://www.lawson.co.jp/recommend/original/detail/1390334_1996.html,水の代わりに北海道産牛乳で生地を仕込んだミルクチュロッキーです。生地にクラッカー粉を配合しているためさっくりとした食感が特徴です。
スナックスティック(練乳ミルク)　6本入,108,https://www.lawson.co.jp/recommend/original/detail/1393744_1996.html,北海道産練乳入りの生地を、しっとり風味豊かに焼き上げました。口どけのよい食感で、お子様のおやつやティータイムに軽くつまめるワンハンドタイプの菓子パンです。
チョコチップスナック　6本入,100,https://www.lawson.co.jp/recommend/original/detail/1393745_1996.html,カカオ風味豊かなチョコチップを入れて、マイルドな風味と軽い口あたりに焼き上げました。お子様のおやつにもおすすめなワンハンドタイプの菓子パンです。
ミニクリームパン　5個入,108,https://www.lawson.co.jp/recommend/original/detail/1398180_1996.html,歯切れよく、口どけのよい生地に、バニラシードを入れたジャージー牛乳入りのカスタードクリームを包んだ、クリームパンの5個入りです。
ミニチョコクリームパン　5個入,108,https://www.lawson.co.jp/recommend/original/detail/1398179_1996.html,歯切れよく、口どけのよい生地に、ベルギーチョコ入りのチョコクリームを包んだ食べやすいサイズのチョコクリームパン5個入りです。
ミニつぶあんぱん　5個入,120,https://www.lawson.co.jp/recommend/original/detail/1393748_1996.html,口あたりなめらかで風味豊かなつぶあんを、しっとりとした生地で包み込んだ、ミニサイズのつぶあんぱんです。
ミニピーナッツクリームパン　5個入,108,https://www.lawson.co.jp/recommend/original/detail/1398178_1996.html,歯切れよく、口どけのよい生地に、北海道産生クリーム入りのピーナッツクリームを包んだ、食べやすいサイズのピーナッツクリームパン5個入りです。
ミニスイートクリームクロワッサン　5個入,108,https://www.lawson.co.jp/recommend/original/detail/1398177_1996.html,北海道産生クリームを配合したカスタード風味豊かなミニクロワッサンの5個入りです。
Lチキバンズ,72,https://www.lawson.co.jp/recommend/original/detail/1390335_1996.html,ふんわりソフトでほんのり甘さのある生地を丸めて焼き上げたバンズです。スライスしてあるので、Lチキ等をはさんでお召し上がりいただけます。
ごろっとしたたまごのたまごパン,120,https://www.lawson.co.jp/recommend/original/detail/1390337_1996.html,もっちり口どけが良い生地にごろっとした白身のたまごフィリングをはさみました。
たまごトースト(マヨネーズ風味),110,https://www.lawson.co.jp/recommend/original/detail/1400809_1996.html,ミミまでやわらかいのが特長の山崎製パン「ダブルソフト」に、たまごとマヨネーズ風味ドレッシングを絞り焼き上げました。ダブルソフトとたまごの相性はよく、朝食や昼食にもぴったりです。
ハム＆たまごドーナツ,110,https://www.lawson.co.jp/recommend/original/detail/1400808_1996.html,発酵種を使用した甘さ控えめの生地に、プレスハムと大きいサイズにカットした卵白、卵黄を使用したたまごフィリングを包み揚げました。
シーチキンマヨネーズ＆スモークベーコン,120,https://www.lawson.co.jp/recommend/original/detail/1390951_1996.html,和風ダシのうまみをプラスしたシーチキンマヨネーズとスモークベーコンを組み合わせました。
こんがりチーズのベーコンマヨネーズ,125,https://www.lawson.co.jp/recommend/original/detail/1397698_1996.html,ふんわり口どけのよい生地に、マヨネーズ・チーズ・ベーコンをバランスよくのせて焼き上げました。チーズのこんがり感が香ばしいボリュームのあるパンです。
ソフトフランスのベーコンスティックパン,145,https://www.lawson.co.jp/recommend/original/detail/1400534_1996.html,発酵種を使用した小麦風味豊かな生地に、二段階で燻したベーコンと粒マスタードを包み焼きました。生地が柔らかく、食べすすめやすい仕立てです。
ちぎれるロングハムフランスパン,160,https://www.lawson.co.jp/recommend/original/detail/1397697_1996.html,発酵種を使用した小麦風味豊かな生地に、ハムと黒胡椒入りドレッシングを包み、チーズをトッピングしました。
しっとり生地のハム＆マヨパン　2個入,125,https://www.lawson.co.jp/recommend/original/detail/1400807_1996.html,しっとりとしたパン生地に、酸味をきかせたマヨソースとハムを組み合わせ、ミックスチーズをトッピングしました。
なめらか食感！チーズクリームのハムデニッシュ,135,https://www.lawson.co.jp/recommend/original/detail/1400806_1996.html,クリームチーズとゴーダチーズを使用したなめらかなチーズクリームとハムを、風味豊かなデニッシュ生地に包んで焼き上げました。
フレンチトースト　ハムチーズ,140,https://www.lawson.co.jp/recommend/original/detail/1398867_1996.html,フレンチ液に浸した食パンに、ハムとチーズ、ホワイトソースを挟み、表面にはパルメザンチーズとパセリをトッピングして焼き上げました。断面からチーズとハムが見えるシズル感のある商品です。
スパイス香るビーフカレーパン,130,https://www.lawson.co.jp/recommend/original/detail/1390343_1996.html,甘さをおさえたパンに、カレーフィリングを包んで揚げたカレーパンです。
コロッケパン,150,https://www.lawson.co.jp/recommend/original/detail/1390345_1996.html,ロールパンに、フルーティーな味わいのソースをつけた北海道産男爵芋と牛肉を使用したコロッケと、ゴロゴロとした白身が特徴のたまごフィリングをサンドしました。
てりやきハンバーガー,116,https://www.lawson.co.jp/recommend/original/detail/1390346_1996.html,バンズに、ほぐれ感のあるパティとてりやきソース、マヨネーズをサンドしました。
はみでるバーガー　メンチカツ,145,https://www.lawson.co.jp/recommend/original/detail/1398865_1996.html,甘さを抑えた生地に、ジューシーなメンチカツをサンドした、ボリュームたっぷりの惣菜パンです。
濃厚ソースのとんカツロール,195,https://www.lawson.co.jp/recommend/original/detail/1401358_1996.html,ふんわりとしたロールパンに、濃厚ソースを漬けたロースとんかつとキャベツ、オニオンが入ったシャキシャキ食感のドレッシングを絞りました。とんかつの断面が大きく見えるように、とんかつのカット方法にもこだわりました。
濃い味ソースの焼きそばパン,150,https://www.lawson.co.jp/recommend/original/detail/1390347_1996.html,ふんわりとしたパンに、シャキシャキ食感のキャベツソースをひき、こだわりのソースを使用した焼きそば・あおさ・紅しょうがをトッピングしました。
あらびきソーセージ,120,https://www.lawson.co.jp/recommend/original/detail/1390778_1996.html,ソーセージの食感を増すために、よりあらびき感のある仕立てにし、からしマヨにりんご酢を加え、ソーセージの風味とバランスのよい仕立てにしました。
チョリソーソーセージパン,110,https://www.lawson.co.jp/recommend/original/detail/1400805_1996.html,甘さ控えめの生地に、辛味のきいたチョリソーソーセージと粒マスタード入りのドレッシング、ケチャップを絞りました。
NL　ブラン入り食パン　4枚入,130,https://www.lawson.co.jp/recommend/original/detail/1390349_1996.html,大豆粉や小麦ふすまを使用した食パンです。大豆粉のマイルドな味わいは食べやすく、しっとりとした食感が特徴です。お好みの具材を挟んでサンドイッチにアレンジして、ランチとしてもおすすめです。
NL　ブランパン　2個入,120,https://www.lawson.co.jp/recommend/original/detail/1390350_1996.html,穀物の外皮を使用し、糖質を抑えた、ブランの食卓パンです。
NL　ブランパン　4個入,230,https://www.lawson.co.jp/recommend/original/detail/1390351_1996.html,穀物の外皮を使用し、糖質を抑えた、ブランの食卓パンです。
NL　大麦ぱん(バター入りマーガリンサンド)　2個入,125,https://www.lawson.co.jp/recommend/original/detail/1390352_1996.html,大麦を入れたふんわり食感のパンに、バター入りのマーガリンをサンド。
NL　ブランのドーナツ,100,https://www.lawson.co.jp/recommend/original/detail/1390353_1996.html,オーツブランを使用した揚げドーナツです。はちみつを使用しほんのりとした甘さで、食べごたえのあるドーナツです。
NL　ブランのバタースティック　2本入,120,https://www.lawson.co.jp/recommend/original/detail/1390354_1996.html,穀物の外皮が入ったパン生地に、バター入りマーガリンシートとバター入りクリームシートを折り込み、香ばしく焼き上げました。
NL　ブランのカフェオレデニッシュ　2個入,120,https://www.lawson.co.jp/recommend/original/detail/1390355_1996.html,ブラン粉入りの生地に、バター入りマーガリンシートとカフェオレクリームを折り込んだ、コーヒーの風味豊かなデニッシュです。
NL　ハムエッグのしっとりパン　2個入,135,https://www.lawson.co.jp/recommend/original/detail/1396847_1996.html,しっとりのど越しのよい蒸し生地に短冊状のハムと、ごろごろとした白身とコクのある黄身のたまごフィリングを包みました。
NL　チーズとハムのふっくらパン　2個入,105,https://www.lawson.co.jp/recommend/original/detail/1390356_1996.html,ハムとゴーダチーズをベースとしたチーズクリームを、ふわふわの白生地で巻き込んだ後、しっとりと蒸し上げました。
NL　ポークウインナーとチーズのしっとりロール,150,https://www.lawson.co.jp/recommend/original/detail/1390358_1996.html,しっとり喉ごしのよい蒸し生地に、粗挽きのポークウインナーとチーズクリームを組み合わせました。
NL　大麦のチョコクロワッサン,145,https://www.lawson.co.jp/recommend/original/detail/1390361_1996.html,大麦を入れたふんわり食感のデニッシュ生地に、スティックチョコを1本包みました。生地には3種類のココアパウダーを配合したチョコスプレッドを折り込み、チョコの甘みとビターな味わいをお楽しみいただけます。
NL　大麦のミルクボール　2個入,140,https://www.lawson.co.jp/recommend/original/detail/1399073_1996.html,大麦を使用した生地に、ニュージーランド産発酵バター入りのミルククリームを注入しました。2個入りのため食シーンに合わせて、食べる量を調整できる商品です。
NL　大麦のチーズデニッシュ　2個入,130,https://www.lawson.co.jp/recommend/original/detail/1398175_1996.html,大麦を使用した生地に、バター入りマーガリンシートと、カマンベールチーズパウダー入りのチーズシートを折り込んだ、軽い食感の商品です。
NL　大麦のしっとりパン　和風ツナ　2個入,150,https://www.lawson.co.jp/recommend/original/detail/1398174_1996.html,大麦粉を使用した蒸し生地に、玉ねぎダイスとかつおエキスで配合した和風ツナを包みました。
NL　大麦の蒸しぱん　甘酒と柚子　2個入,135,https://www.lawson.co.jp/recommend/original/detail/1401357_1996.html,大麦を使用した蒸しぱんに甘酒を練り込み、底面に砂糖漬けの柚子ピールをトッピングし、表面に焼色をつけました。柚子の味がアクセントとなった蒸しぱんです。
味わいの食パン　6枚,108,https://www.lawson.co.jp/recommend/original/detail/1390365_1996.html,シンプルな仕立てながらも、しっかりと小麦のうまみを感じることができ、しっとりとした味わいが特徴のお手頃な食パンです。トーストだけでなく、サンドウィッチなどにおすすめです。
もっちりとした毎朝の食パン　6枚,149,https://www.lawson.co.jp/recommend/original/detail/1390366_1996.html,湯捏製法国産小麦を一部使用することにより、しっとり感ともっちり感がアップ。そのまま食べてもしっとり、ほんのり甘さもプラスしております。
もっちりとした毎朝の食パン　8枚,149,https://www.lawson.co.jp/recommend/original/detail/1390367_1996.html,湯捏製法国産小麦を一部使用することにより、しっとり感ともっちり感がアップ。そのまま食べてもしっとり、ほんのり甘さもプラスしております。
しっとりとしたバターロール　4個入,100,https://www.lawson.co.jp/recommend/original/detail/1390368_1996.html,湯捏製法により、しっとりもっちりとした食感のバターロールです。バターの風味豊かな、毎日食べても飽きない4個入りです。
マーガリン入りレーズンバターロール　4個入,116,https://www.lawson.co.jp/recommend/original/detail/1390369_1996.html,湯捏製法により、しっとりもっちりとした食感のレーズンバターロールです。発酵バター入りマーガリンを注入した4個入りです。
マーガリン入りバターロール　4個入,108,https://www.lawson.co.jp/recommend/original/detail/1390370_1996.html,湯捏製法により、しっとりもっちりとした食感のバターロールです。発酵バター入りマーガリンを注入した4個入りです。
マーガリン入り黒糖ロール　4個入,130,https://www.lawson.co.jp/recommend/original/detail/1390371_1996.html,湯捏製法により、しっとりもっちりとした食感の黒糖ロールです。発酵バター入りマーガリンを注入した4個入りです。
イタリア周遊！ローマ　海老とベーコンのアラビアータ,550,https://www.lawson.co.jp/recommend/original/detail/1401742_1996.html,トマトのうまみと唐辛子の辛味、にんにくのやみつき感を合わせたアラビアータソース。エビ・ベーコン・ブロッコリーなどを彩りよくトッピングしました。
ひんやり生パスタ！枝豆のポタージュ風,498,https://www.lawson.co.jp/recommend/original/detail/1401526_1996.html,生クリームや牛乳をベースに枝豆ペーストを加えた冷製スープ仕立てのパスタソース。レタス・ベーコン・枝豆・ミニトマトなどを彩りよくトッピング。1.3mmのもっちり冷製生パスタは濃厚ソースと相性抜群です。
イタリア周遊！ローマ　パンチェッタのカチョ・エ・ペペ,550,https://www.lawson.co.jp/recommend/original/detail/1399070_1996.html,カチョエペペ(カチョ=チーズ、ペペ=胡椒)にはかかせないペコリーノロマーノを使用した濃厚チーズソース。パンチェッタやサラダホウレン草を彩りよくトッピングしました。
懐かしのナポリタン,399,https://www.lawson.co.jp/recommend/original/detail/1390412_1996.html,1.9mmのもっちり太麺に変更し、トマトのうまみが感じられる濃厚なより食べ応えのある仕立てに。ケチャップメインの昔懐かしい味が楽しめます。ウインナー・玉ねぎ・ピーマン・粉チーズを盛り付け、彩りよく仕上げました。
牛肉と野菜の旨味！ミートソース,399,https://www.lawson.co.jp/recommend/original/detail/1400803_1996.html,直火窯で炒めた牛ひき肉と野菜の旨味が溶け込んだコクのあるソースベースのミートソースパスタ。ソース量をアップし、最後まで麺にしっかり絡み、満足感のある仕立てにしました。
黒胡椒香る！カルボナーラ,480,https://www.lawson.co.jp/recommend/original/detail/1390414_1996.html,もちもち食感のフェットチーネを使用したカルボナーラ。たまご感やチーズ感をより感じられるなめらかなソースに仕立てました。ベーコン・とろ～りたまご・パルメザンチーズ・黒胡椒をトッピング。
熟成たらこソースのパスタ,430,https://www.lawson.co.jp/recommend/original/detail/1390415_1996.html,製法から見直し、熟成したたらこ本来のうまみが楽しめるソースに仕立てました。より弾力のある食感の麺にリニューアル。あっさり出汁に、ほんのりバターと海苔の香りがやみつきになります。
オクラと長芋のネバネバ和風パスタ,480,https://www.lawson.co.jp/recommend/original/detail/1400527_1996.html,食欲のない季節にもネバネバでつるっと食べやすい和風パスタ。隠し味に昆布茶を使用したあっさりだし醤油仕立て。オクラ・長芋・なめこのネバネバ具材に、アクセントで干し海老をトッピングし、風味豊かに仕上げました。
特盛！コク旨ナポリタン,498,https://www.lawson.co.jp/recommend/original/detail/1401354_1996.html,麺たっぷり特盛仕様のナポリタンです。もっちり感のある1.9mmの太麺に、コクと旨みのある濃厚なトマトソースを合わせ、より食べごたえのある仕立てに。ケチャップメインの懐かしい味が楽しめます。ウインナー・ベーコン・玉ねぎ・パセリを盛り付けました。
大盛！ウインナーとベーコンのペペロンチーノ,498,https://www.lawson.co.jp/recommend/original/detail/1390418_1996.html,圧倒的なにんにくのうまみと食欲をそそる香りが楽しめる大盛ペペロンチーノです。パスタはより弾力のある食感にリニューアル。ウインナー1本とベーコン4枚等を盛り付け、ボリューム感のある見た目に仕上げました。
大盛！明太マヨネーズパスタ,480,https://www.lawson.co.jp/recommend/original/detail/1398459_1996.html,深味のある辛味の明太ソースに、だしのうまみとマヨネーズのコクを付与した明太マヨソースでやみつきの味に。明太子・たらこ・きざみ海苔を盛り付けました。
大盛！豚肉の生姜焼き和風パスタ,530,https://www.lawson.co.jp/recommend/original/detail/1398862_1996.html,生姜の風味が食欲をそそる大盛和風パスタ。醤油、生姜でしっかり下味を付けた豚肉の生姜焼きと小松菜・玉ねぎ・紅生姜を盛り付け、彩りよく仕上げました。生姜焼きとの相性抜群のだし醤油で炒めたもっちりパスタは、だしの香りも楽しめます。
ミニパスタ！揚げなすのミートソース,350,https://www.lawson.co.jp/recommend/original/detail/1400802_1996.html,いろいろ食べたい方に最適な食べきりサイズのミートソースパスタ。ミートソースと相性抜群の揚げなす・パルメザンチーズ・パセリをトッピングしました。
半熟玉子のピリ辛牛肉そば,530,https://www.lawson.co.jp/recommend/original/detail/1401741_1996.html,"""玉子""+""牛肉""を合わせたピリ辛ぶっかけそば。つゆは鰹節などに枯うるめ節を加えだしをきかせました。半熟玉子・甘辛味の牛肉・玉ねぎ煮・ネギ・ピリッと辛いラー油をトッピング。食欲がない時期でも食べられるメニューに仕立てています。"
上海風焼そば,498,https://www.lawson.co.jp/recommend/original/detail/1390949_1996.html,醤油の風味とオイスターソースのうまみをきかせた上海風焼そばです。麺はつるみと弾力のある熟成麺を使用し、しっかりとした食感に。豚肉・エビ・もやし・ニラ・にんじん・きくらげを盛り付け、彩りよく仕上げました。
すだちおろしうどん,430,https://www.lawson.co.jp/recommend/original/detail/1401525_1996.html,もちもち食感の麺に、大根おろし・揚げ玉・ネギを合わせ、すだちを絞って食べるぶっかけうどんです。つゆは鰹節・昆布・煮干しなどに加え、うるめ節、さば節をきかせ、風味豊かに仕上げました。すだちのさわやかな酸味が楽しめます。
ざるそば,355,https://www.lawson.co.jp/recommend/original/detail/1397085_1996.html,つるみと弾力のあるのど越しよい麺を使用。そば粉の比率を増やし、そばの香りと味わいをアップ。つゆは枕崎産荒本節を使用しだしの風味をきかせ、地域の嗜好性に合わせた味わいに仕上げました。※つゆは化学調味料不使用。
ざるそばとおいなりさん,498,https://www.lawson.co.jp/recommend/original/detail/1394066_1996.html,程よい弾力とつるみのあるのど越しよいそばに、ふっくらジューシーないなりを合わせました。いなり皮は鰹と昆布だしにグラニュー糖と濃口醤油を使用し、しっかりとした甘さに仕上げました。つゆは醤油のうまみとだしの風味をきかせ、地域の嗜好に合わせた味にしています。※つゆは化学調味料不使用です。
大盛　冷しぶっかけそば,430,https://www.lawson.co.jp/recommend/original/detail/1397084_1996.html,ボリュームたっぷりの麺に、揚げ玉・ネギ・わさびを合わせたぶっかけそば。弾力のあるのど越しよい細麺を使用。そば粉の比率を増やし、そばの風味をアップ。つゆは鰹節などに枯うるめ節を加え、だし感を強化し、最後まで食べ飽きないつゆに仕上げました。
半熟玉子のとろろそば,460,https://www.lawson.co.jp/recommend/original/detail/1397083_1996.html,国産とろろに半熟玉子を合わせた冷しそば。弾力のあるのど越しよい細麺を使用。そば粉の比率を増やし、そばの風味をアップ。つゆは鰹節などに枯うるめ節を加え、だし感がより感じられる味わいに仕立てました。※つゆは化学調味料不使用。
大盛　冷しぶっかけうどん,399,https://www.lawson.co.jp/recommend/original/detail/1400526_1996.html,ボリュームたっぷりの麺に、揚げ玉・ネギ・おろし生姜を盛り付けたぶっかけうどん。もっちりとした食感とコシのある麺に、鰹節、昆布などに加え、うるめ節、さば節をきかせた風味豊かなつゆを合わせました。
醤油だれの冷し中華(直火焼チャーシュー),498,https://www.lawson.co.jp/recommend/original/detail/1397686_1996.html,国産小麦を使用し、つるっとのど越しよい醤油だれの冷し中華。麺はもちもちの角麺にすることで弾力ある食感でスープのからみよく仕上げました。スープは鶏ガラスープに「金華ハム」のエキス、レモンなどの柑橘果汁を合わせ、うまみと酸味のバランスがとれたスープに仕上げました。直火焼チャーシュー、錦糸玉子などをトッピングしました。
胡麻だれの冷し中華(しっとり鶏チャーシュー),498,https://www.lawson.co.jp/recommend/original/detail/1397685_1996.html,国産小麦を使用し、つるっとのど越しよい胡麻だれの冷し中華。麺はもちもちの角麺にすることで弾力ある食感でスープのからみよく仕上げました。スープは2種類の練りごまの配合量を増やし胡麻感をアップ。リンゴ酢をきかせたまろやかでフルーティーな酸味のスープに仕上げました。しっとりやわらかい鶏チャーシュー、錦糸玉子などをトッピングしました。
だしの旨み　冷し醤油ラーメン,498,https://www.lawson.co.jp/recommend/original/detail/1401443_1996.html,鶏がら・豚がらベースの清湯スープに鰹だしをきかせた醤油スープで食べる冷し醤油ラーメンです。麺はもちもち食感が楽しめ、スープがよくからむ角麺を使用。チャーシュー・ゆで卵・もやし・ネギ・わかめを盛り付けました。
手延べそうめん,355,https://www.lawson.co.jp/recommend/original/detail/1397585_1996.html,つるっとのど越しよく、程よい弾力のある手延べ製法で仕上げたそうめんです。つゆはだしのうまみをきかせ、風味豊かに仕上げました。刻みネギ、おろし生姜でさっぱり食べられます。※つゆは化学調味料不使用です。
焼豚とキムチのさっぱり冷麺,498,https://www.lawson.co.jp/recommend/original/detail/1397684_1996.html,真空押し出し製法で仕上げた透明感と弾力、つるみのある冷麺です。コクのある牛骨・牛肉のうまみが詰まったスープは、酢を加えることで、牛だしのうまみがありながらもすっきりとキレのある味わいに。キムチ・チャーシュー・ゆで卵・コチュジャンなどを盛り付けました。
オクラとなめこのミニそば,350,https://www.lawson.co.jp/recommend/original/detail/1398255_1996.html,ネバネバ具材のオクラ、なめこを盛り付けた冷たいそば。つゆは宗田節・かつお節・さば枯節に加え、椎茸・昆布などを加えることでうまみをきかせました。つるっとのど越しのよい細麺と具材の一体感が楽しめます。
ミニ冷し中華,350,https://www.lawson.co.jp/recommend/original/detail/1398254_1996.html,国産小麦を使用し、弾力のある食感とつるっとのど越しよいミニ冷し中華。もちもちの角麺に、鶏ガラスープに「金華ハム」のエキス、レモンなどの柑橘果汁を合わせたスープを合わせました。ハム、錦糸玉子などをトッピングしています。
ジューシーソース焼そば,399,https://www.lawson.co.jp/recommend/original/detail/1398253_1996.html,野菜や果実のうまみにブラックペッパーをきかせたスパイシーかつジューシーな王道のソース焼そば。キャベツ・豚肉・紅生姜・揚げ玉を彩りよく盛り付けました。
1/2日分の野菜が摂れるあんかけ焼そば,498,https://www.lawson.co.jp/recommend/original/detail/1398371_1996.html,白菜・玉ねぎ・にんじんなど※1日に必要な野菜量の1/2が摂れるあんかけ焼そば。醤油感をアップし、隠し味にオイスターソースを加え、オイスターのうまみやコクをきかせた本格的な中華風味のあんに仕上げました。豚肉・ゆで卵・きくらげなど彩りよく盛り付けました。※1日当りの摂取量の目標350g以上(厚生労働省「健康日本21」より)
大盛！豚カルビの塩焼そば,450,https://www.lawson.co.jp/recommend/original/detail/1398370_1996.html,ポークとチキンのダブルの肉のうまみと香味野菜のうまみをきかせたボリュームたっぷりの塩焼そば。豚カルビ・紅生姜・あおさを彩りよく盛り付けました。
麺屋はなび監修　台湾焼そば,450,https://www.lawson.co.jp/recommend/original/detail/1400062_1996.html,麺屋はなび監修の台湾焼そばです。はなびの店舗にはない創作メニューです。辛みのきいた台湾ミンチとピリ辛に味付けしたもやし、ニラを盛り付けました。パンチのある辛みが特徴です。
海老香る彩り5種野菜の焼ビーフン,430,https://www.lawson.co.jp/recommend/original/detail/1396843_1996.html,干し海老と醤油、オイスターソースのうまみが楽しめる焼ビーフン。もやし・にんじん・キャベツ・ブロッコリー・玉ねぎの5種の野菜、干し海老、きくらげなど彩りよく盛り付けました。
濃厚醤油だれの油そば,498,https://www.lawson.co.jp/recommend/original/detail/1394065_1996.html,もちもちの太麺に、濃厚な醤油とラードがたっぷり入ったたれをまぜて食べる、ボリューム満点のまぜ麺です。チャーシュー・メンマ・なると・ネギをトッピング。別添のラー油で味の変化が楽しめます。
魚介と鶏の旨み！醤油ラーメン,498,https://www.lawson.co.jp/recommend/original/detail/1390372_1996.html,丸鶏を使用した清湯スープに、サバ節などの魚粉と昆布エキスなどの魚介系のうまみを補強した絶妙なバランスに仕立てました。3種の醤油を加え、香りとうまみ・コクを付与。麺は中細ストレート麺を使用。チャーシュー・メンマ・ほうれん草・なるとをトッピングしました。
野菜かき揚げそば,399,https://www.lawson.co.jp/recommend/original/detail/1390379_1996.html,枕崎産鰹本枯節、鯖節などのだしに枕崎産鰹荒本節を加え醤油をやさしくし、出汁感をアップ。風味にこだわりそば粉の配合を増やし、そばの香りが引き立つ仕立てに。かき揚げは玉ねぎ・人参・春菊を使用し、彩りよく仕上げました。
カップデリカ　生ハムと玉子のマカロニサラダ(レモン),220,https://www.lawson.co.jp/recommend/original/detail/1401740_1996.html,人気ながらも地味な見た目になりがちなマカロニサラダを、生ハム・オリーブ・たまご等を組み合わせることで、彩りと価値感をアップしました。さわやかなレモン風味の味付けです。
レモン香る！シーザーサラダ,330,https://www.lawson.co.jp/recommend/original/detail/1401739_1996.html,ベーコン・紫キャベツ・サラダほうれんそう・レタス・クルトンが入った食べごたえある商品です。特製レモンシーザードレッシング付きです。
オクラととろろ芋のネバネバサラダ,298,https://www.lawson.co.jp/recommend/original/detail/1401738_1996.html,ネバネバ食材として認知度の高い長芋・オクラ・わかめをトッピング。ベースの春雨の部分に、春雨に似せたこんにゃく麺を加えることで、糖質を抑えています。和風たれにビネガーを加え、さっぱりとした味に仕上げました。
蒸し鶏のパスタサラダ(明太クリームドレ),320,https://www.lawson.co.jp/recommend/original/detail/1401522_1996.html,パスタと野菜をバランス良く楽しむことのできるサラダです。蒸し鶏・コーン・にんじん・水菜・レタス等を色鮮やかに盛り付けました。明太クリームドレッシング付きです。
豚しゃぶのパスタサラダ,320,https://www.lawson.co.jp/recommend/original/detail/1401521_1996.html,パスタと野菜をバランスよく楽しむことのできるサラダです。氷温®熟成豚・パプリカ・きゅうり・紫キャベツ・にんじん・レタス等を色鮮やかに盛り付けました。ごまドレッシング付きです。
金平そぼろ炒めと豆腐のサラダ,399,https://www.lawson.co.jp/recommend/original/detail/1401520_1996.html,生野菜に、金平そぼろ炒め、豆腐を合わせました。食事として満足感が得られるボリューム感に仕上げています。全体と相性のよい、かつおぶしと香味ドレッシング付きです。
カップデリカ　生ハムと玉子のマカロニサラダ,220,https://www.lawson.co.jp/recommend/original/detail/1399068_1996.html,人気ながらも地味な見た目になりがちなマカロニサラダを、生ハム・ブロッコリー・たまご等を組み合わせることで、彩りと価値感をアップしました。隠し味に「ディル」というハーブを使用し、本格的な風味に仕上げています。
カップデリカ　蒸し鶏のコールスローサラダ,200,https://www.lawson.co.jp/recommend/original/detail/1392098_1996.html,コールスローサラダを、和風に味付けしました。にんじんやきゅうりで彩りを添えたコールスローサラダに、だしで和えた蒸し鶏を混ぜ込むことで、うまみを出しています。
カップデリカ　アボカドとクリームチーズのサラダ,238,https://www.lawson.co.jp/recommend/original/detail/1401352_1996.html,アボカド・エビ・ブロッコリーの入った練りサラダです。クリームチーズの香りがきいて飽きずに食べられる商品に仕上げています。
カップデリカ　海老とナッツのタイ風春雨サラダ,238,https://www.lawson.co.jp/recommend/original/detail/1398458_1996.html,タイ風春雨サラダを商品化しました。スイートチリソースやレモングラスソース、鶏肉の魚醤炒め、おろしにんにくなど使用し、甘味・酸味・塩味・うまみがバランスよく感じられる仕立てです。
カップデリカ　蒸し鶏ネギザーサイ,238,https://www.lawson.co.jp/recommend/original/detail/1400797_1996.html,蒸し鶏と野菜の入った健康感のあるおつまみです。ネギとごま油の香りがよいタレで仕上げました。個食のおつまみ、食事のお供として適度な量目です。
カップデリカ　チャーシューメンマ,248,https://www.lawson.co.jp/recommend/original/detail/1400796_1996.html,チャーシューとメンマを組み合わせた商品です。歯応えの良い豆もやしも入っています。個食のおつまみ、食事のお供として最適な一品です。
担々麺風こんにゃく麺サラダ,340,https://www.lawson.co.jp/recommend/original/detail/1398860_1996.html,こんにゃく麺をしっかりした味付けの具材やドレッシングと合わせることで、食べた時に満足感のある商品に仕上げました。豆板醤を使用しピリ辛に味付けした肉味噌と、複数の胡麻ソースを使用し深みのある味わいの胡麻ドレッシングで、担々麺をイメージした商品に仕立てています。
1食分の野菜が摂れるツナトマトパスタサラダ,420,https://www.lawson.co.jp/recommend/original/detail/1398457_1996.html,※1食分の野菜が手軽に食べられる1食完結型の主食サラダ。トマトソースで味付けしたパスタに、トマトやきゅうり、ヤングコーンなどの野菜と、オリーブを添えたツナをトッピングしました。トマトをベースにした濃縮野菜ドレッシングと、エキストラバージンオリーブオイルつきです。※1日当りの摂取量の目標350g以上(厚生労働省「健康日本21」より)
1/2日分の野菜が摂れる！パリパリ麺のサラダ,420,https://www.lawson.co.jp/recommend/original/detail/1391413_1996.html,パリパリとした食感の麺と野菜を組み合わせた食事としての満足感の高いメニューです。さっぱりとしたすりおろしオニオンドレッシングと別添のハーフマヨで、※1/2日分の野菜やパスタ麺を飽きずに最後まで食べられるよう仕上げました。※1日当りの摂取量の目標350g以上(厚生労働省「健康日本21」より)
1/2日分の緑黄色野菜のサラダ,330,https://www.lawson.co.jp/recommend/original/detail/1400522_1996.html,※1/2日分の緑黄色野菜が手軽に摂れる、彩り、味わい豊かなサラダ。大きめにカットしたかぼちゃとにんじんにブロッコリー・トマト・紫キャベツをトッピングし、彩りよく仕立てました。すりおろし野菜を使用した和風ドレッシングは、ビネガーでさっぱりと食べやすくし、また隠し味ににんにくを加えて食欲をそそる風味に仕上げています。※1日当りの緑黄色野菜摂取量の目安120g以上(厚生労働省「健康日本21」より)
ねぎ塩だれの唐揚げサラダ,399,https://www.lawson.co.jp/recommend/original/detail/1400795_1996.html,ボリューム感のある3つの唐揚げに具沢山のねぎ塩ソースをかけました。ミニトマト・紫玉ねぎ・レタス・キャベツを組み合わせたおつまみサラダです。香味ドレッシグつきです。
ベーコンのシーザーサラダ,330,https://www.lawson.co.jp/recommend/original/detail/1396840_1996.html,シーザーサラダを春夏向けにリニューアルします。ベーコンやレタスを増量することで、食べごたえをアップしました。特製シーザードレッシングは、アンチョビソースを加えることでうまみとコクのある味わいに仕立てました。
豚しゃぶのサラダ,399,https://www.lawson.co.jp/recommend/original/detail/1396839_1996.html,氷温®熟成豚のバラスライスを使用。ごまマヨネーズで和えることで、パサつきをおさえおいしく召し上がっていただけるよう工夫しました。水菜をきゅうりに変更し、季節感を演出。春夏向けに大根おろしでさっぱり仕上げたおろしポン酢ドレッシング付き。ほどよい酸味と塩味で、気温の上がる時期でも食べ進めやすく仕上げました。
豚肉とカリカリ梅のサラダ,298,https://www.lawson.co.jp/recommend/original/detail/1401351_1996.html,タンパク質の豚肉と相性のよい梅を組み合わせたサラダ。梅は食感を楽しめるように「カリカリ梅」を使用。大根・きゅうり・にんじん・グリーンリーフなどを盛り付けたさっぱりとした和風サラダです。青じそドレッシング付き。
ごま油香る！チョレギサラダ,298,https://www.lawson.co.jp/recommend/original/detail/1390435_1996.html,レタス・玉ねぎ・わかめ・きゅうり・トマトなどを彩りよく盛り付けました。ごま油の風味が豊かな醤油ベースのチョレギサラダです。
とろろ芋と野菜のほうれんそう麺サラダ,320,https://www.lawson.co.jp/recommend/original/detail/1398169_1996.html,ほうれん草を練りこんだ、彩りのよい麺を使用。とろろ芋や錦糸たまごをトッピングし、専門店の麺メニューをイメージした見栄えに仕上げました。だしのきいた和風ドレッシングにはわさびを加え、気温が上がる時期でもさっぱり食べやすい仕立てです。
1食分のプロテインチャージサラダ(ナッツドレッシング),498,https://www.lawson.co.jp/recommend/original/detail/1399067_1996.html,鶏肉をメインに、1食分のたんぱく質が摂れるサラダ。サラダチキンとローストチキンの2種類の鶏肉に、ゆでたまごや赤いんげん豆などの具材を合わせました。気温の上昇する時期でも食べやすいよう、ローストピーナッツをトッピングし、香ばしさをプラス。風味豊かなナッツドレッシングつきです。
オクラともずくのネバネバサラダ,298,https://www.lawson.co.jp/recommend/original/detail/1396838_1996.html,ネバネバ食材として認知度が高く、4月～6月が旬の「もずく」をトッピング。ベースの春雨の部分に、春雨に似せたこんにゃく麺を加えることで、糖質を抑えています。和風たれにビネガーを加え、さっぱりとした味に仕上げました。
厚揚げとツナ蓮根サラダ,298,https://www.lawson.co.jp/recommend/original/detail/1397739_1996.html,練りサラダとたんぱく質を組み合わせ飽きずに食べ進められる商品です。人気のツナマヨ味に仕立てた蓮根サラダに、甘辛く味付けした厚揚げをトッピングしました。
味噌マヨで食べる野菜スティック,248,https://www.lawson.co.jp/recommend/original/detail/1398168_1996.html,大根・にんじん・きゅうり・キャベツをオリジナルの味噌マヨにつけて食べるメニューです。マヨネーズに味噌の他、だしを加え砂糖で味に丸みを出すことで「やみつき」になる味に仕立てています。
煮玉子とスモークチキンのポテトサラダ,298,https://www.lawson.co.jp/recommend/original/detail/1400521_1996.html,練りサラダとたんぱく質を組み合わせ飽きずに食べ進められる商品。スモーク風味のポテトサラダに、スモークした鶏むね肉のスライスをトッピングした、お酒のおつまみとしてもぴったりの商品です。煮玉子も組み合わせ、食べごたえのある仕立てです。
ハムコーンポテトのサラダ,220,https://www.lawson.co.jp/recommend/original/detail/1390431_1996.html,ハム・コーン・ポテトサラダと生野菜をコンビにしたサラダです。ポテトサラダをジャガイモの甘みが感じられる手作り感のある仕立てに変更。ベース部分をキャベツのみでなく大根もミックスすることでより食べ応えをアップしました。
明太子づくしのサラダ,298,https://www.lawson.co.jp/recommend/original/detail/1400794_1996.html,おつまみとしてもサラダとしても人気の高い「明太子」を使用したメニュー。カニカマ入り明太マカロニサラダが楽しめます。トッピングにもバラコ、明太子を使用した明太子づくしの商品です。
シャキッと！コーンサラダ,150,https://www.lawson.co.jp/recommend/original/detail/1390942_1996.html,シャキッと！コーンをメインに、キャベツ・にんじん・紫キャベツ・グリーンレタスを盛り付けたサラダです。
シーチキン＆コーンサラダ,198,https://www.lawson.co.jp/recommend/original/detail/1390943_1996.html,粒揃えのよいシャキッと！コーンとシーチキンをメインに、キャベツ、紫キャベツ＆人参などの野菜と、食べやすくスライスしたゆで卵をのせたサラダです。
玉ねぎサラダ,150,https://www.lawson.co.jp/recommend/original/detail/1390941_1996.html,玉ねぎをメインに、紫玉ねぎ、レタスを組み合わせたシンプルなサラダです。添付のかつおぶしと一緒にお召し上がりください。
海藻と大根のサラダ(三陸産わかめ),198,https://www.lawson.co.jp/recommend/original/detail/1390945_1996.html,大根、紫玉ねぎ＆人参、水菜とわかめ、赤つのまたを盛り付けたサラダです。
海藻と大根のサラダ,198,https://www.lawson.co.jp/recommend/original/detail/1390944_1996.html,大根、紫玉ねぎ＆人参、水菜とわかめ、赤つのまたを盛り付けたサラダです。
玉子と蒸し鶏のサラダ,198,https://www.lawson.co.jp/recommend/original/detail/1390946_1996.html,キャベツ・にんじん・紫キャベツ・グリーンレタスといった野菜に、ゆで卵とほぐしたササミの蒸し鶏をトッピングしたバランスのよいサラダ。紫玉ねぎをトッピングし、野菜の種類を増やしています。
シーザードレッシング　25ml,26,https://www.lawson.co.jp/recommend/original/detail/1390447_1996.html,にんにく、アンチョビをほんのりきかせたシーザードレッシングです。
すりおろしオニオンドレッシング　25ml,22,https://www.lawson.co.jp/recommend/original/detail/1390448_1996.html,すりおろし玉ねぎを加えた、玉ねぎの風味・うまみをしっかりと感じられるドレッシングです。ローストしたガーリックの香味油を加える事で、さらに風味・コクを付与しました。
ノンオイルドレッシング香味青じそ　25ml,22,https://www.lawson.co.jp/recommend/original/detail/1390449_1996.html,青じその香りとまろやかなだしのうま味が特長のノンオイルドレッシングです。
焙煎胡麻ドレッシングDP　22ml,31,https://www.lawson.co.jp/recommend/original/detail/1390450_1996.html,胡麻の風味・コクをしっかりと感じられるドレッシングです。胡麻油を加えた事で、さらに胡麻の香りをお楽しみいただけます。
和風ドレッシングDP　22ml,31,https://www.lawson.co.jp/recommend/original/detail/1390451_1996.html,たまり醤油を加えた、醤油の風味・うまみをしっかりと感じられるドレッシングです。ローストしたオニオンの香味油を加える事で、さらに風味・コクを付与しました。
ごまと香味野菜ドレッシング,31,https://www.lawson.co.jp/recommend/original/detail/1390452_1996.html,ごまと香味野菜を使ったドレッシングです。香味野菜はしょうが・にんにく・みょうがを使用し、すりごまとごま油をプラスすることで、コクとうまみ、豊かな風味が味わえる和風ドレッシングに仕上げています。
おつまみ鶏レバー煮,160,https://www.lawson.co.jp/recommend/original/detail/1401617_1996.html,臭みがなく柔らかいチルド肝を使用。タレには生姜エキスとたまり醤油を使用しコクとうまみを引き立てます。
海老ときのこのアヒージョ,298,https://www.lawson.co.jp/recommend/original/detail/1401618_1996.html,大ぶりの海老と生エリンギを使用。アンチョビでアクセントを入れています。
ガーリックシュリンプ,298,https://www.lawson.co.jp/recommend/original/detail/1401619_1996.html,殻が柔らかい海老を使用、そのまま召し上がれます。特製の香辛料でパンチがある仕様になりますので、おつまみにぴったりです。
デミグラスハンバーグ,130,https://www.lawson.co.jp/recommend/original/detail/1390481_1996.html,パックのままレンジ加熱及び喫食可能です。豚肉、牛肉をバランスよく配合し、肉臭さなく食べやすい味に仕上げております。
チーズ入りハンバーグ,130,https://www.lawson.co.jp/recommend/original/detail/1390480_1996.html,パックのままレンジ加熱及び喫食可能です。豚肉、牛肉をバランスよく配合し、肉臭さなく食べやすい味に仕上げております。
プレミアムハンバーグ,399,https://www.lawson.co.jp/recommend/original/detail/1400777_1996.html,肉質のよい、アメリカ産ブラックアンガス牛を使用。デミグラスソースには、黒トリュフとボルドー産赤ワインを使用。深みとうまみのある味わいに仕上げました。袋のまま電子レンジ調理が可能です。
銀鮭の塩焼,298,https://www.lawson.co.jp/recommend/original/detail/1398548_1996.html,脂ののったチリ産の銀鮭を使用しています。包材はトレーパックを使用し、お皿に移さずにそのまま手軽に食べられる商品です。
紅鮭の塩焼,298,https://www.lawson.co.jp/recommend/original/detail/1390505_1996.html,人気の紅鮭を使用しています。包材はトレーパックを使用し、お皿に移さずにそのまま手軽に食べられる商品です。
肉じゃが,257,https://www.lawson.co.jp/recommend/original/detail/1396830_1996.html,男爵いもを大きめにカットし、ホクホクに仕上げました。豚肉・にんじん・玉ねぎ・白滝が入っております。素材のうまみを引き出し、家庭の味のような肉じゃがに仕上げました。
エビマヨ,328,https://www.lawson.co.jp/recommend/original/detail/1392088_1996.html,すっきりした酸味と甘さのバランスの取れた食べ飽きないタイプのエビマヨです。
筑前煮,257,https://www.lawson.co.jp/recommend/original/detail/1390496_1996.html,煮物らしい味染み重視の味付けに仕上げ、照り、ツヤ感もアップしています。
塩ゆで枝豆,160,https://www.lawson.co.jp/recommend/original/detail/1390462_1996.html,台湾にて収穫～加工を短時間で行い、現地でパックする事で、鮮度を保ちながら枝豆本来の甘み、うまみを活かしました。天日塩を使い、茹でています。
にんにくを利かせたおつまみ餃子,178,https://www.lawson.co.jp/recommend/original/detail/1391400_1996.html,にんにくと自家製香味油で濃いめに味つけ、気軽にお酒との買い合わせができる3粒入りサイズの餃子になります。
醤油白湯スープで食べる 水餃子,198,https://www.lawson.co.jp/recommend/original/detail/1391399_1996.html,気軽にお酒との買い合わせができる3粒入りサイズの餃子になります。しっとりとした皮が特長で、添付の醤油白湯スープをかけてお召し上がり下さい。
しその風味が香る しそ餃子,178,https://www.lawson.co.jp/recommend/original/detail/1391398_1996.html,しその爽やかな風味と濃いめの味つけで気軽にお酒との買い合わせができる3粒入りサイズの餃子になります。
トリュフ風味餃子,178,https://www.lawson.co.jp/recommend/original/detail/1391397_1996.html,キノコの芳醇な香りと濃いめの味つけで気軽にお酒との買い合わせができる3粒入りサイズの餃子になります。
おつまみ厚切りチャーシュー,238,https://www.lawson.co.jp/recommend/original/detail/1392087_1996.html,ジューシーな豚バラ肉を厚切りにカットしたボリュームのあるチャーシューです。
燻製チキンおつまみセット,322,https://www.lawson.co.jp/recommend/original/detail/1391401_1996.html,3種類のチキン食材のアソート商品です。ハードスモークで仕上げた燻煙薫る商品です。
燻製ポークおつまみセット,322,https://www.lawson.co.jp/recommend/original/detail/1392086_1996.html,3種類のポーク食材のアソート商品です。ハードスモークで仕上げた燻煙薫る商品です。
オニオンソース＆ローストビーフ,258,https://www.lawson.co.jp/recommend/original/detail/1392089_1996.html,直火とスチームの2段階で加熱、しっとりと仕上げているローストビーフに添付のオニオンスープをかけてお召し上がりください。　
蒸し鶏＆よだれ鶏のタレ,198,https://www.lawson.co.jp/recommend/original/detail/1391279_1996.html,蒸し鶏に麻辣の辛味を付与した深みのあるこだわりのよだれ鶏のタレをかけてお召し上がりください。
ももハム＆キャロットソース,258,https://www.lawson.co.jp/recommend/original/detail/1391406_1996.html,ヘルシーなももハムに鮮やかなキャロットソースをかけてお召し上がりください。
2種のソーセージ＆チーズフォンデュ風ソース,322,https://www.lawson.co.jp/recommend/original/detail/1390476_1996.html,2種のジューシーなポークソーセージをチーズフォンデュ風ソースでお召し上がりください。
豚汁,225,https://www.lawson.co.jp/recommend/original/detail/1398271_1996.html,具材に豚肉・にんじん・ごぼう・大根・里芋・玉ねぎ・こんにゃくを使用しました。3種の合わせ味噌を使い、味わい深い豚汁に仕上げました。
プレミアムビーフシチュー,399,https://www.lawson.co.jp/recommend/original/detail/1398272_1996.html,アンガスビーフ使用、2種類のソースを使用し、味にコクを出しました。ご家庭で本格的な味を手軽に味わうことのできる一品です。
チャプチェ,297,https://www.lawson.co.jp/recommend/original/detail/1400776_1996.html,春雨を使用、うまみと食べごたえのある具材感で満足頂ける商品となっております。食器に移す必要がないトレー容器の惣菜になります。
やさい豆 2個入り,171,https://www.lawson.co.jp/recommend/original/detail/1391403_1996.html,煮汁をしっかり入れて仕上げることで芯までしっとり染み込み柔らかくふっくらとしたおいしさに仕上げました。
金時豆　2個入り　　,171,https://www.lawson.co.jp/recommend/original/detail/1391404_1996.html,煮汁をしっかり入れて仕上げることで芯までしっとり染み込み柔らかくふっくらとしたおいしさに仕上げました。
黒豆　2個入り,171,https://www.lawson.co.jp/recommend/original/detail/1391405_1996.html,煮汁をしっかり入れて仕上げることで芯までしっとり染み込み柔らかくふっくらとしたおいしさに仕上げました。
冷やっこセット,140,https://www.lawson.co.jp/recommend/original/detail/1390455_1996.html,豆腐は有機大豆を使用、たれは豆腐に合わせた甘みのある醤油たれです。
きんぴらごぼう　2連,198,https://www.lawson.co.jp/recommend/original/detail/1390456_1996.html,だしを4種使用することでより味に深みをつけました。トレーで小分けにすることで、少量ずつ使っていただけます。
切り干し大根　2連,198,https://www.lawson.co.jp/recommend/original/detail/1390457_1996.html,だしを4種使用することでより味に深みをつけました。トレーで小分けにすることで、少量ずつ使っていただけます。
うの花　2連,198,https://www.lawson.co.jp/recommend/original/detail/1390458_1996.html,だしを4種使用することでより味に深みをつけました。トレーで小分けにすることで、少量ずつ使っていただけます。
ひじき煮　2連,198,https://www.lawson.co.jp/recommend/original/detail/1390459_1996.html,ひじきと4種の具材を使用しました。ひじきを別炊きしている為、しっかりと中まで味が入っています。トレーで小分けすることで、少量ずつ使って頂けます。
焼餃子,267,https://www.lawson.co.jp/recommend/original/detail/1390460_1996.html,具材には豚肉・鶏肉・ニラ・キャベツ・玉ねぎ等を使用し、風味と食感をいかしております。
ジューシーしゅうまい,380,https://www.lawson.co.jp/recommend/original/detail/1390461_1996.html,国産の豚肉と鶏肉を使用し、肉と海鮮のうまみが詰まったしゅうまいです。鶏ガラ・清湯スープ・オイスターエキスで、ジューシーで深みのある味わいに仕上げました。
いか七味焼き,298,https://www.lawson.co.jp/recommend/original/detail/1390463_1996.html,食感のよい「いか」を醤油ベースの調味液に漬け込み、七味を合わせてピリ辛味に仕上げました。
天然えび唐揚げ,238,https://www.lawson.co.jp/recommend/original/detail/1390464_1996.html,小型の天然えびを薄く衣につけて唐揚げにしました。
牛カルビ焼,258,https://www.lawson.co.jp/recommend/original/detail/1390465_1996.html,黒胡椒がピリリときいた味付けに仕上げたジューシーな牛カルビ焼です。
豚タン焼(辛味噌),238,https://www.lawson.co.jp/recommend/original/detail/1390466_1996.html,特長のある食感の豚タンをにんにくのきいた辛味噌で味付けし焼き上げました。
豚バラ焼(岩塩),238,https://www.lawson.co.jp/recommend/original/detail/1390467_1996.html,ジューシーな豚バラを岩塩で味付けし、焼き上げました。黒こしょうがピリリときいた味付けに仕上げました。
ヤゲン軟骨焼き,238,https://www.lawson.co.jp/recommend/original/detail/1390468_1996.html,コリコリとした食感のヤゲン軟骨を黒胡椒とレモン風味に味付けし焼き上げました。
砂肝焼き,238,https://www.lawson.co.jp/recommend/original/detail/1390469_1996.html,歯ごたえのある砂肝を七味唐辛子で味付けし焼き上げました。
鶏手羽元と大根の煮物,399,https://www.lawson.co.jp/recommend/original/detail/1390470_1996.html,手羽元をそのまま入れることでだしにうまみを加え、見た目にもボリューム感があり、肉と野菜を一度に味わえます。
四川風麻婆豆腐,348,https://www.lawson.co.jp/recommend/original/detail/1390472_1996.html,2種類の唐辛子を使用し深みをだしています。後に残る花椒のしびれる辛さが特徴の一品。お好みの大きさに豆腐を崩しながら食べるスタイルです。
煮込みハンバーグ,399,https://www.lawson.co.jp/recommend/original/detail/1390473_1996.html,奥深い味わいのデミグラスソースがおいしさを引き立てます。直火焼きで仕上げたハンバーグです。牛脂、豚脂を中に閉じ込めることで、ジューシーに仕上げました。
セレクト　鶏肉のガーリック　トマト煮,399,https://www.lawson.co.jp/recommend/original/detail/1390474_1996.html,トマトの酸味にガーリックの旨みを効かせたソースが食欲をそそります。大きめにカットした鶏肉とじゃがいもでおかずの一品として満足できる量となっております。
2種のソーセージ＆ペッパーベーコン,348,https://www.lawson.co.jp/recommend/original/detail/1390475_1996.html,レンジアップするだけで簡単にジューシーなポークソーセージ2種と、ペッパーベーコンの合計3種類を楽しむことができるアソート商品です。
プレミアムビーフカレー,386,https://www.lawson.co.jp/recommend/original/detail/1390477_1996.html,じっくり、コトコト煮込んだ野菜と果実のうま味広がるビーフカレーです。日常では味わえない多重な香味が特徴のカレーです。
プレミアムハンバーグ,386,https://www.lawson.co.jp/recommend/original/detail/1390479_1996.html,肉質のよい、アメリカ産ブラックアンガス牛を使用。デミグラスソースには、黒トリュフとボルドー産赤ワインを使用。深みとうまみのある味わいに仕上げました。袋のまま電子レンジ調理が可能です。
鉄板焼ハンバーグ,198,https://www.lawson.co.jp/recommend/original/detail/1390482_1996.html,二重包あんのパテを使用し、加熱水蒸気の鉄板焼きオーブンで焼き上げることで、ふっくらジューシーな食感に仕上げました。大根おろしを使用した和風ソースを別添した商品です。
おさかなハンバーグ　1食,120,https://www.lawson.co.jp/recommend/original/detail/1390483_1996.html,栄養機能食材として、カルシウムを牛乳の3倍配合し、さらにDHAを100mg、EPAを20mg配合しました。ソースはかつお風味に仕上げることで、あっさりと食べやすい味付けにしています。
干焼蝦仁,328,https://www.lawson.co.jp/recommend/original/detail/1390484_1996.html,大きめの剥きエビを使用し、衣を薄く付け少し辛めの本格的な味付けにしました。
ガーリックウインナー,238,https://www.lawson.co.jp/recommend/original/detail/1390486_1996.html,国産生にんにくとローストガーリックペーストを入れ、ニンニク風味をガツンときかせました。レンジアップするだけで簡単にお召し上がりいただける商品です。
厚切りベーコン,238,https://www.lawson.co.jp/recommend/original/detail/1390487_1996.html,全面にスモークをかけた豚バラ肉を厚切りにカットしました。袋ごと電子レンジ加熱対応商品になり、そのまま皿代わりに使用できます。
やきとん,238,https://www.lawson.co.jp/recommend/original/detail/1390488_1996.html,脂ののった豚バラ肉を厚切りカットし、こんがりと焼きました。お酒が進むよう、濃いめの味付けに仕上げております。
豚ロースの生姜焼,298,https://www.lawson.co.jp/recommend/original/detail/1390490_1996.html,焼成温度、時間を調整し、よりしっとり柔らかな食感に仕上げました。タレは、すり生姜を加えより風味をいかしつつ、玉ねぎ、りんごをきかせた仕上がりになっております。
豚角煮,328,https://www.lawson.co.jp/recommend/original/detail/1390491_1996.html,三元豚のバラ肉を使用した豚角煮になります。お箸で切れるほど柔らかく煮込みました。
豚もつ煮込み,248,https://www.lawson.co.jp/recommend/original/detail/1390493_1996.html,豚もつの大腸、小腸をじっくり煮込み、柔らかく仕上げました。タレにおろし大根、玉ねぎ、長ネギのみじん切りを加えた、野菜のうまみが活きたコクのある味わいです。
牛すじ煮込み,258,https://www.lawson.co.jp/recommend/original/detail/1390494_1996.html,適度な弾力のある、やわらかなすじの食感に仕上げています。ローストオニオンを加え玉ねぎの甘さで深みを出しています。
こてっちゃん,238,https://www.lawson.co.jp/recommend/original/detail/1390495_1996.html,3段階の加熱でやわらかな食感にした牛もつを3種類の味噌にあわせ、本醸造醤油・ローストガーリック・ローストオニオンで深みのある味に仕上げています。
たけのこ土佐煮,135,https://www.lawson.co.jp/recommend/original/detail/1390497_1996.html,かつおと昆布のうまみをきかせた、たけのこ土佐煮です。濃口しょうゆでしっかりした味付けです。
炭火焼チキンステーキ,198,https://www.lawson.co.jp/recommend/original/detail/1390498_1996.html,鶏もも肉を炭火で香ばしく焼き上げました。柔らかく、しっとりした食感に仕上げています。食べやすい大きさにカットしており、温めた後、そのままおいしく召し上がれます。
さばの塩焼,278,https://www.lawson.co.jp/recommend/original/detail/1390499_1996.html,脂のりのよい大西洋さばを使用。骨を気にせず食べられます。包材はトレーパックを使用し、お皿に移さずにそのまま手軽に食べられます。
さばの味噌煮,258,https://www.lawson.co.jp/recommend/original/detail/1390500_1996.html,脂ののったさばを、赤味噌をベースに昆布と生姜の風味をきかせて煮込みました。包材は深絞りのトレーパックを使用し、お皿に移さずにそのまま手軽に食べられる商品です。
いわしの生姜煮,238,https://www.lawson.co.jp/recommend/original/detail/1390501_1996.html,脂の乗った国産真いわしを、生姜で風味豊かな味付けに仕上げました。包材はトレーパックを使用し、お皿に移さずにそのまま手軽に食べられる商品です。
縞ほっけの塩焼,298,https://www.lawson.co.jp/recommend/original/detail/1390502_1996.html,脂ののった縞ほっけをほどよい塩気で食べやすいように仕上げました。包材はトレーパックを使用し、お皿に移さずにそのまま手軽に食べられる商品です。
さわら西京焼,298,https://www.lawson.co.jp/recommend/original/detail/1390503_1996.html,面倒な調理の手間がかかりません。包材はトレーパックを使用し、お皿に移さずにそのまま手軽に食べられる商品です。
さばの塩焼,258,https://www.lawson.co.jp/recommend/original/detail/1390504_1996.html,ノルウェー産の脂ののったさばに塩を振り、香ばしく焼き上げました。骨を気にせず食べられます。包材はトレーパックを使用し、お皿に移さずにそのまま手軽に食べられる商品です。
子持ちししゃも　5尾,198,https://www.lawson.co.jp/recommend/original/detail/1390506_1996.html,子持ちししゃもを香ばしく直火で焼き上げました。頭から尻尾まで骨を気にせず食べられます。包材はトレーパックを使用し、お皿に移さずにそのまま手軽に食べられる商品です。
たこぶつ,328,https://www.lawson.co.jp/recommend/original/detail/1390507_1996.html,真だこを丁寧に釜ゆでしました。適度に身が引き締まったゆでだこを、食べ易い様にひとくち大にカットしております。添付の醤油わさびで召し上がれます。
豚トロ焼　60g,198,https://www.lawson.co.jp/recommend/original/detail/1390509_1996.html,脂がのった豚トロを粗びきのブラックペッパーで味付けし、焼き上げました。厚めにカットした豚トロは、歯切れがよく柔らかな食感で、希少価値の高い部位です。
豚バラの炭火焼　100g,298,https://www.lawson.co.jp/recommend/original/detail/1390510_1996.html,脂がのった豚バラ肉を備長炭を使って炭火で香ばしく焼き上げました。おかずやおつまみとしてはもちろん、温かいご飯にのせるだけで、スタミナたっぷりな豚バラ丼にもできる、便利な一品です。
豚ロースの味噌焼　130g,320,https://www.lawson.co.jp/recommend/original/detail/1390511_1996.html,豚のロースを味噌の風味豊かなタレに漬け込み、焼き上げました。
鶏軟骨の唐揚げ　80g,248,https://www.lawson.co.jp/recommend/original/detail/1390512_1996.html,居酒屋等で出現頻度の高いおつまみメニューをセレクト化します。コリコリとした特徴のある歯ごたえの軟骨を、醤油と粗びきの黒こしょうでしっかり味付けしたビール等のおつまみにちょうどよいメニューです。
鶏の炭火焼　100g,210,https://www.lawson.co.jp/recommend/original/detail/1390513_1996.html,若鶏のもも肉を食べやすいひとくちサイズにカットし、備長炭を使って炭火で香ばしく焼き上げました。ご飯のおかずとして、お酒のおつまみとして楽しめる商品です。
穂先メンマ　90g,120,https://www.lawson.co.jp/recommend/original/detail/1390517_1996.html,柔らかな食感が特徴の穂先メンマを、ラー油とごま油でピリ辛味に仕上げました。
さつまいも煮　145g,178,https://www.lawson.co.jp/recommend/original/detail/1390518_1996.html,乱切りにカットしたさつまいもを、素材の甘味、うまみを活かしてコクのある味わいに仕上げました。
煮たまご,158,https://www.lawson.co.jp/recommend/original/detail/1390519_1996.html,しっかり味の染みた、やわらかな煮たまごです。
黒酢たれ肉団子,210,https://www.lawson.co.jp/recommend/original/detail/1390520_1996.html,食べごたえのある大粒の肉団子が4粒入っています。たれは鹿児島産の黒酢を使用、黒酢の風味・香り・うまみをお楽しみ頂けます。
ごぼうこんにゃく,130,https://www.lawson.co.jp/recommend/original/detail/1390521_1996.html,ほどよい歯ごたえのごぼうを特製だしで仕上げました。
ミートボール　110g,98,https://www.lawson.co.jp/recommend/original/detail/1390522_1996.html,国産鶏肉、国産たまねぎを使用したミートボールです。トマトソースでまろやかに仕上げました。
五目白和え,120,https://www.lawson.co.jp/recommend/original/detail/1390523_1996.html,彩り良くまろやかな味わいに仕上げました。
太切りメンマ,138,https://www.lawson.co.jp/recommend/original/detail/1390524_1996.html,存在感のある太切りメンマを、ラー油の風味をきかせて甘辛味に仕上げています。
厚焼玉子,120,https://www.lawson.co.jp/recommend/original/detail/1390525_1996.html,本枯節を効かせ、ほど良い甘さに仕上げました。
だし巻玉子,120,https://www.lawson.co.jp/recommend/original/detail/1390526_1996.html,本枯節のこだわりだしで仕上げました。
焼そば　3食,148,https://www.lawson.co.jp/recommend/original/detail/1390527_1996.html,ソースのスパイス感を補うため、ウスターソースをベースに20種類ものスパイスを組み合わせた粉末ソースともっちりした麺がセットになった3食入り焼そばです。
手打ち式うどん　3食,158,https://www.lawson.co.jp/recommend/original/detail/1390528_1996.html,なめらかでコシの強い手打ち式うどんです。3食入りになります。
茶碗蒸し,108,https://www.lawson.co.jp/recommend/original/detail/1390529_1996.html,地養卵を使用。松茸・鶏肉・筍・椎茸・銀杏が入っております。
もっちりパスタ！魚介のトマトクリームスープ,350,https://www.lawson.co.jp/recommend/original/detail/1401737_1996.html,濃厚なトマトのうまみとエビの風味が詰まったスープ。牛乳・生クリームで乳感とコクのある味わいに仕上げました。玉ねぎみじん切りを使用し、味と食感にアクセントを加えました。ショートパスタを合わせた食べごたえのあるスープです。
豆腐を食べる！旨辛肉味噌,430,https://www.lawson.co.jp/recommend/original/detail/1400793_1996.html,甜麺醤・豆板醤・鶏ガラを絶妙なバランスで配合し、甘いコクのある味を再現しました。豚挽肉を中心に筍、人参、椎茸を加えた肉味噌を甜面醤で、しっかり炒め、旨みを引き出しました。色合い良くチンゲン菜を盛付けました。おつまみにも最適な一品です。
ごろごろ具材！10品目の豚汁,330,https://www.lawson.co.jp/recommend/original/detail/1390970_1996.html,10種の具材(豚肉・豆腐・にんじん・じゃがいも・里いも・こんにゃく等)を使い、具だくさんに仕上げた豚汁です。糀割合の高い味噌を使用し、豚肉や野菜のうまみを加えることで、コクのあるまろやかな味わいに仕立てました。
ザクザク根菜の和風生姜スープ,330,https://www.lawson.co.jp/recommend/original/detail/1400792_1996.html,れんこん・ごぼう・にんじん・切干大根といった根菜がメインのスープです。根菜はザクザク食べられるサイズにカットし、五穀を合わせることで食べごたえのあるスープに仕上げました。生姜をきかせたすっきり和風スープです。
もち麦プチプチ！ベーコンと豆のトマトスープ,330,https://www.lawson.co.jp/recommend/original/detail/1401350_1996.html,もち麦たっぷりの食べるスープ。うまみが詰まったトマトベースのスープです。玉ねぎ・にんじん・キャベツを細かくきざみ、数種類の豆を合わせました。スプーンでザクザク食べられる仕立てです。
つるもち餃子！鶏油香る中華スープ,350,https://www.lawson.co.jp/recommend/original/detail/1398167_1996.html,つるりとしたのど越しにこだわった特製餃子を、うまみと風味ゆたかな中華スープで召し上がっていただく商品です。鶏がらをベースにしたうまみたっぷりのスープは、鶏油を加えることで風味よく仕上げました。隠し味に生姜汁を使用し、やさしい味に整えています。
豚キムチチゲスープ,450,https://www.lawson.co.jp/recommend/original/detail/1398454_1996.html,魚介だしをベースに唐辛子の辛みをきかせ、うまみとコクのあるチゲスープに仕上げました。豚肉・豆腐・キムチのほか、白菜・にんじん・大根・もやし・しめじなどを合わせた、具だくさんで食べごたえのあるスープです。
つぶつぶたらこクリームスープ,330,https://www.lawson.co.jp/recommend/original/detail/1398166_1996.html,たらこのうまみと豆乳のコクが引き立つスープです。たらこソース・たらこオイル・たらこバラコを使用し、たらこのうまみや風味を引き立てました。牛乳に豆乳を加えることで、クリーミーなコクに仕上げています。もちもちしたショートパスタ入りで、しっかり食べごたえのある商品です。
高リコピントマトのガスパチョ,330,https://www.lawson.co.jp/recommend/original/detail/1400520_1996.html,高リコピントマトソースをベースに、オニオンソテーや香味野菜ソテー、チキンブイヨンでしっかりうまみある味わいに仕上げました。隠し味におろしにんにくを加え、食べ進めたくなる深みを出しています。仕上げにオリーブオイルをたらし、風味を加えています。ダイスカットした野菜や雑穀で、食感も楽しめます。
根菜ザクザク！ごぼうの冷製スープ,330,https://www.lawson.co.jp/recommend/original/detail/1398455_1996.html,ザクザク食感の根菜を混ぜて食べていただく、冷製スープです。ごぼうピューレに牛乳と生クリームを加え、ごぼうの風味を活かしつつまろやかなスープに仕立てました。チキンコンソメを加えることで、うまみをアップ。具材のれんこん・にんじん・玉ねぎは、ごぼうの風味を邪魔しないよう白だしと醤油であっさり仕上げています。
3種豆のチリコンカンドリア(五穀ごはん),460,https://www.lawson.co.jp/recommend/original/detail/1401519_1996.html,夏向けにトマトソースベースで、しっかりと辛味のある仕立てにしました。3種類の豆と雑穀米を使用して、チーズはこんがり見栄えよく仕上げました。
あらびき肉のミートソースドリア,399,https://www.lawson.co.jp/recommend/original/detail/1390399_1996.html,あらびきにしたひき肉を焼成し、うまみをしっかりと閉じ込め、肉のうまみ、食感を楽しめるミートソースに仕上げました。
こんがりチーズのえびドリア,460,https://www.lawson.co.jp/recommend/original/detail/1390400_1996.html,チーズ量を増やし、見た目のこんがり感・伸びを感じられるドリアです。海老を5尾使用し、牛乳の味が楽しめるホワイトソースと白身魚のだしとバターで炊き上げたライスが楽しめるドリアです。
たいめいけん監修ハンバーグカレードリア,498,https://www.lawson.co.jp/recommend/original/detail/1397737_1996.html,人気のハンバーグとカレーの組み合わせをドリアに仕立てました。ゴーダ・モッツアレラ・チェダーの3種類のチーズを使用し、こんがりと見栄えよく仕上げました。ご飯はカレーと相性のよいバターライスです。
三代目たいめいけん監修　チキンシチューグラタン,498,https://www.lawson.co.jp/recommend/original/detail/1390402_1996.html,牛乳をベースにマリボーチーズを使用したクリーミーなシチューソースのグラタンです。ロングマカロニを使用し、食べ応えのあるチキン、ブロッコリーを盛り付けました。
とろーりチーズのえびグラタン,450,https://www.lawson.co.jp/recommend/original/detail/1390403_1996.html,チーズ量を増やし、見た目のこんがり感・伸びを感じられるグラタンです。海老を5尾使用し、ホワイトソースは牛乳の味が楽しめる味わいに仕上げました。シンプルで食べ飽きないグラタンです。
明太もちチーズグラタン,430,https://www.lawson.co.jp/recommend/original/detail/1391411_1996.html,明太子の味わい・餅の食感・チーズのコクが楽しめる和風タイプのグラタンです。餅のサイズを見直し、食感がしっかり感じられる仕立てにしました。4種のチーズを使用することで、チーズのコクとうまみが楽しめます。
ナポリタンスパゲッティグラタン,460,https://www.lawson.co.jp/recommend/original/detail/1400519_1996.html,ナポリタンスパゲッティを使用し、グラタンに仕立てました。モッツアレラチーズをトッピングし、温めたときにチーズの風味と伸びる食感が楽しめます。ソースはスパゲッティに合うようトマト感のある味に仕上げました。
1/2日分野菜が摂れるキャベツ包み焼,420,https://www.lawson.co.jp/recommend/original/detail/1401728_1996.html,※1日に必要とされる野菜の1/2を摂取できるお好み焼です。5種類の野菜(キャベツ・玉ねぎ・にんじん・ねぎ・もやし)を使用しました。健康志向の点でも全粒粉を使用しています。※1日当りの摂取量の目標350g以上(厚生労働省「健康日本21」より)
3種のチーズ！明太もちチーズのお好み焼,450,https://www.lawson.co.jp/recommend/original/detail/1398943_1996.html,女性支持の高い具材(明太子・もち・チーズ)を使ったお好み焼です。ゴーダ・チェダー・モッツァレラの3種のチーズを使用し、チーズの風味と伸びが楽しめます。溶けたチーズと濃厚な明太マヨが絡まり、おいしさを引き立てます。
広島風お好み焼　肉玉そば,530,https://www.lawson.co.jp/recommend/original/detail/1397077_1996.html,鉄板で1つ1つ丁寧に手焼きした豚玉です。たっぷりのキャベツを使用し、イカ天などを使用することでうまみをきかせた広島風お好み焼に仕上げました。全体を薄焼きの玉子シートで包み、立体的な見た目に仕上げることで、ボリューム感を訴求します。
1/2日分野菜が摂れるキャベツ包み焼,420,https://www.lawson.co.jp/recommend/original/detail/1394052_1996.html,※1日に必要とされる野菜の1/2を摂取できるお好み焼です。5種類の野菜(キャベツ・玉ねぎ・にんじん・ねぎ・もやし)と三元豚の豚バラを使用しました。健康志向のオリーブオイルを使用しています。※1日当りの摂取量の目標350g以上(厚生労働省「健康日本21」より)
チーズドック2,248,https://www.lawson.co.jp/recommend/original/detail/1401524_1996.html,最初にチーズ、後半は小さいソーセージが楽しめるスティック商品。生地をふっくらとポテトの量も増えたチーズドック2です。
ホタテの大葉包み揚げ　5個,220,https://www.lawson.co.jp/recommend/original/detail/1401523_1996.html,ホタテ貝の貝柱を大葉で包み、てんぷら粉を付けて揚げました。シンプルに塩で仕上げ、素材のうまみを活かしています。
からあげクン　レギュラー,216,https://www.lawson.co.jp/recommend/original/detail/1390563_1996.html,
からあげクン　レッド,216,https://www.lawson.co.jp/recommend/original/detail/1390564_1996.html,
からあげクン　北海道チーズ,216,https://www.lawson.co.jp/recommend/original/detail/1390565_1996.html,
からあげクン　夢のミックス味,216,https://www.lawson.co.jp/recommend/original/detail/1390566_1996.html,からあげクン33周年33億食記念商品。からあげクン定番のレギュラー・レッド・チーズ3つの味が楽しめるからあげクンです。
からあげクン　レモン味,216,https://www.lawson.co.jp/recommend/original/detail/1394064_1996.html,さっぱりとしたレモンに塩味をきかせた定番の味です。瀬戸内産レモンと鳴門のうず塩を使用しました。
からあげクン　濃厚カルボナーラ味,216,https://www.lawson.co.jp/recommend/original/detail/1396842_1996.html,濃厚なカルボナーラ味のからあげクンです。
からあげクン　シーフードカレー味,216,https://www.lawson.co.jp/recommend/original/detail/1390568_1996.html,カニ・エビ・ホタテの風味をきかせたシーフードカレー味のからあげクンです。
からあげクン　炙りバーベキュー味,216,https://www.lawson.co.jp/recommend/original/detail/1398555_1996.html,モンスターストライクタイアップ商品。牛肉をしょうゆベースのオイルソースに漬け込み、野菜と一緒に焼いて楽しむ炙りバーベキュー味のからあげクンです。
からあげクン　ごま油香る塩味,216,https://www.lawson.co.jp/recommend/original/detail/1401483_1996.html,スナックでも人気のフレーバーをからあげクンで発売します。ごま油の味と香りを強調しシンプルな塩味で仕上げました。
からあげクン　濃いチー味,240,https://www.lawson.co.jp/recommend/original/detail/1400800_1996.html,北海道産3種のチーズの使用量倍増で、チーズの濃厚さUPです。
からあげクン　辛らチー味,240,https://www.lawson.co.jp/recommend/original/detail/1400801_1996.html,唐辛子粉末で辛み、衣に唐辛子チップで見た目にも辛いからあげクン。トマトソースやコチュジャンでうまみをプラスしました。
超からあげクン　Wペパマヨ味,240,https://www.lawson.co.jp/recommend/original/detail/1397583_1996.html,食べた瞬間に感じるブラックペッパーとマヨネーズ。マヨネーズ量を前回品より120％以上増量でよりジューシーに。ブラックペッパーにはホワイトペッパーも加えてより深い味わいに仕上げました。
でからあげクン　たまねぎみそクリームスープ味,268,https://www.lawson.co.jp/recommend/original/detail/1390577_1996.html,ローソンで人気のスープがからあげクンとコラボ。たまねぎみそクリームスープ味のからあげクンです。
Lチキ　旨塩,180,https://www.lawson.co.jp/recommend/original/detail/1390578_1996.html,米粉を使用する事で中はジューシー、外はサクサクのLチキ旨塩味です。
Lチキ　旨辛,180,https://www.lawson.co.jp/recommend/original/detail/1390579_1996.html,米粉を使用する事で中はジューシー、外はサクサクのLチキ旨辛味です。
Lチキ　旨だれ赤味(甘辛仕立て),180,https://www.lawson.co.jp/recommend/original/detail/1390580_1996.html,たれのかかった商品。やみつきになるうまみ辛みのきいた甘辛だれのLチキ。肉にもソースをしみこませた仕様です。
Lチキ　旨だれ黒味,180,https://www.lawson.co.jp/recommend/original/detail/1398171_1996.html,高評価のうわがけのソースを見た目にもさらにおいしく楽しんで頂くため、味の濃さはそのままに改良を加えました。やみつきになる甘辛こしょうだれ味のLチキです。
Lチキ　チ～ズ燻製風味,218,https://www.lawson.co.jp/recommend/original/detail/1401353_1996.html,鶏むね肉の中にチーズを入れ、さらに燻製の風味を加え、香り良く仕上げた新感覚のLチキです。
Lチキビッツ　ベビースターラーメン,150,https://www.lawson.co.jp/recommend/original/detail/1390774_1996.html,ベビースターラーメンとのコラボレーション。ベビースターラーメンを衣に使用し、食感が楽しめる一口サイズのフライドチキンです。
Lチキバンズ,72,https://www.lawson.co.jp/recommend/original/detail/1390582_1996.html,ふんわりソフトでほんのり甘さのある生地を丸めて焼き上げたバンズです。スライスしてあるので、Lチキ等をはさんでお召し上がりいただけます。
ローストチキン(骨なし),220,https://www.lawson.co.jp/recommend/original/detail/1397683_1996.html,再仕込み醤油・濃口本みりん・ざらめ・煮切り酒で照焼き風に味付けし、炭火焼きすることで、香ばしく仕上げています。
アスパラ豚バラ巻串,130,https://www.lawson.co.jp/recommend/original/detail/1400525_1996.html,アスパラに豚バラを巻き付けて炭焼きしました。アスパラは食べやすいよう3分割し、味のアクセントの為、隙間にベーコンを刺しています。
焼鳥　ももタレ,130,https://www.lawson.co.jp/recommend/original/detail/1390584_1996.html,うまみの強い2種類の醤油を使用し、本返し製法で作ったまろやかな味わいのタレが特長です。肉の味とタレのうまみのコントラストが楽しめます。
焼鳥　もも塩,130,https://www.lawson.co.jp/recommend/original/detail/1390585_1996.html,余分な調味料を抜き、シンプルに肉のうまみと岩塩でお召し上がりいただく焼鳥もも塩です。鶏肉本来の食感とうまみが味わえます。
焼鳥　かわタレ,130,https://www.lawson.co.jp/recommend/original/detail/1390586_1996.html,うまみの強い2種類の醤油を使用し、本返し製法で作ったまろやかな味わいのタレが特長です。とり皮本来の弾力が味わえます。
焼鳥　海苔かぼす胡椒巻,130,https://www.lawson.co.jp/recommend/original/detail/1390589_1996.html,さっぱりとしたむね肉で、海苔とかぼす胡椒を海苔巻き状に包んだ創作焼鳥です。
焼鳥　ささみバジル,130,https://www.lawson.co.jp/recommend/original/detail/1391291_1996.html,高たんぱくのささみを風味の良いフレッシュバジルで味付け、香辛料で味を調えました。
鶏から　しょうゆ　4個,200,https://www.lawson.co.jp/recommend/original/detail/1391806_1996.html,しょうゆ・にんにく・すりおろし玉ねぎ・しょうが・りんごで素材の味を活かした味付けへ。よりしょうゆのうまみが引き立ちます。ダブルフライ製法はそのままに、衣を薄くしサクッと感をアップしました。
鶏から　旨塩　4個,200,https://www.lawson.co.jp/recommend/original/detail/1391807_1996.html,塩・しょうが・鶏パイタンで素材の味を活かした味付けへ。塩の旨みが引き立ちます。ダブルフライ製法はそのままに、衣を薄くしサクッと感をアップしました。
鶏からむね　旨み塩麹　4個,200,https://www.lawson.co.jp/recommend/original/detail/1399069_1996.html,むね肉を使った鶏からです。塩麹で漬け込み、しっとり仕上げた「むね肉」にサクみが増した衣をつけて揚げました。隠し味のチーズのコクがポイントです。
イカから揚げ,200,https://www.lawson.co.jp/recommend/original/detail/1390602_1996.html,漁獲後に船内で急速凍結した、鮮度にこだわった「イカから」です。ゲソとリングをミックスし、食感の違いを味わえます。
グーボ　ベーコンポテト味,130,https://www.lawson.co.jp/recommend/original/detail/1391427_1996.html,たっぷりベーコンとポテトの具材感。ブラックペッパーをきかせた後引く味に仕上げました。
グーボ　明太チーズ味,130,https://www.lawson.co.jp/recommend/original/detail/1391426_1996.html,辛みのきいた明太子の風味と香り立つチーズ感の両立。なめらかな食感にマカロニとマッシュルームで食べ応えのある具材感を実現しました。
グーボ　メキシカンチョリソー味,130,https://www.lawson.co.jp/recommend/original/detail/1391425_1996.html,ソーセージの具材感と辛みのきいた味付けが特徴。トマトペーストとピーマンで本格的なメキシカン味を実現しました。
ハッシュドポテト,108,https://www.lawson.co.jp/recommend/original/detail/1390606_1996.html,程よい塩味とじゃがいもの甘味がマッチ。ほくほくじゃがいもの食感が楽しめるハッシュドポテトです。
フライドポテト,160,https://www.lawson.co.jp/recommend/original/detail/1396841_1996.html,ホクホクとした食感が楽しめるロングポテトフライ。カップタイプにすることで、食べやすく、扱いやすくしました。
ジャンボアメリカンドッグ,108,https://www.lawson.co.jp/recommend/original/detail/1390608_1996.html,サクサクした食感が特徴の仕立てです。
チーズドック,248,https://www.lawson.co.jp/recommend/original/detail/1390609_1996.html,最初にチーズ、後半は小さいソーセージが楽しめる。衣にダイスカットのポテトをつけ、食感も楽しめます。
ジャイアントポークフランク,150,https://www.lawson.co.jp/recommend/original/detail/1390610_1996.html,国内製造でオールチルド配送。肉のジューシーさを損なわない商品にしました。ペッパーがアクセントとなり、重量100gで食べごたえのある商品です。
ワイルドポーク串,198,https://www.lawson.co.jp/recommend/original/detail/1390611_1996.html,人気のワイルドポーク串が復活。ベーコン入りのひき肉を炭火で焼きました。ブラックペッパーがアクセントです。
なんこつ入りつくね棒,156,https://www.lawson.co.jp/recommend/original/detail/1390613_1996.html,コリコリ食感のなんこつを、現行品の1.9倍に増量！
のりのりチーズ串,160,https://www.lawson.co.jp/recommend/original/detail/1390615_1996.html,イカのすり身にあおさ海苔とチーズを練りこみ、隠し味にごま油を使用しました。
たっぷりとうもろこし串,140,https://www.lawson.co.jp/recommend/original/detail/1390616_1996.html,とうもろこしの風味と粒々食感が楽しめる商品です。
枝豆チーズ串,180,https://www.lawson.co.jp/recommend/original/detail/1390617_1996.html,イカのすり身に食感のよい枝豆とチーズを合わせました。すり身の弾力と枝豆のごろごろした食感が楽しめます。チーズが味のアクセント。枝豆の緑がきれいなスティックです。
ラーメン天,180,https://www.lawson.co.jp/recommend/original/detail/1390618_1996.html,サービスエリアで人気の商品を再現しました。豚骨スープをベースに、魚のすり身でラーメンを包み込みました。
とけコロ,160,https://www.lawson.co.jp/recommend/original/detail/1390619_1996.html,とろけるような滑らかな中具の新食感コロッケ。きたあかりの甘みと豚肉のうまみ、隠し味のホワイトソースでコクを加え、ナツメグと黒胡椒で味を調えました。専用BOXでお箸を使って食べる今までにないコロッケです。
とけコロ　トマト＆チーズ,180,https://www.lawson.co.jp/recommend/original/detail/1400799_1996.html,中具にはベースのきたあかりに加え、ホワイトソース、北海道産トマトと2種類のチーズを入れました。きたあかりの甘みに、フレッシュなトマトの酸味、チーズのコクが相性抜群です。
あふれメンチ,180,https://www.lawson.co.jp/recommend/original/detail/1390620_1996.html,ジュワっとスープがあふれだすメンチカツ。中具は2層に仕立て、外皮は牛・豚の合挽き肉で肉肉しく、内皮はコンソメベースのスープを固め、小籠包のようなあふれ出る肉汁を演出しました。専用BOXでお箸を使って食べる今までにないメンチカツです。
おかずメンチ（北海道産玉ねぎの牛肉メンチカツ）,100,https://www.lawson.co.jp/recommend/original/detail/1390621_1996.html,北海道産玉ねぎを使用して、肉は牛肉100％使用。こだわりのおいしさで、手軽に買える商品です。
おかずコロッケ(北海道コロッケ),80,https://www.lawson.co.jp/recommend/original/detail/1390622_1996.html,北海道産の男爵いも、玉ねぎ、小麦粉、牛肉を使用しました。パン粉サイズを大きくし、よりサクサクの食感にしました。
大きなイカフライ,127,https://www.lawson.co.jp/recommend/original/detail/1390623_1996.html,60g→80gと1.3倍の大きさへボリュームアップ！食べごたえあるイカフライにしました。
贅沢厚切りハムカツ,150,https://www.lawson.co.jp/recommend/original/detail/1390624_1996.html,贅沢に厚切りしたハムのしっかりとした食感とうまみが楽しめます。微粉パン粉で薄衣に仕上げました。
ふっくらあじフライ,140,https://www.lawson.co.jp/recommend/original/detail/1390625_1996.html,船内凍結したあじを薄衣で仕立て、素材の美味しさを活かした、あじフライです。
ほっけ竜田揚げ,160,https://www.lawson.co.jp/recommend/original/detail/1390627_1996.html,真ほっけを五島灘の塩で一夜干し風に仕上げ、うまみを凝縮。しょうゆ・生姜・本みりんで竜田揚げにしました。
広島県産大粒かきフライ,95,https://www.lawson.co.jp/recommend/original/detail/1390629_1996.html,広島県能美江田島海域で獲れたかきを使用しています。ふっくらジュ-シーな味わいに仕上げました。
