UHA味覚糖　リセットうめグミ,111,https://www.family.co.jp/goods/snack/4725152.html,https://www.family.co.jp//content/dam/family/goods/4725152.jpg
ライオン菓子　ソルティピンクグレープフルーツキャンディー小袋,128,https://www.family.co.jp/goods/snack/4731573.html,https://www.family.co.jp//content/dam/family/goods/4731573.jpg
ベビースターラーメン丸花椒味,108,https://www.family.co.jp/goods/snack/4823414.html,https://www.family.co.jp//content/dam/family/goods/4823414.jpg
ザクじゃがアンチョビガーリック味,118,https://www.family.co.jp/goods/snack/4824305.html,https://www.family.co.jp//content/dam/family/goods/4824305.jpg
カルビー　Jagabeeうすしお味　たっぷりパック,300,https://www.family.co.jp/goods/snack/4910152.html,https://www.family.co.jp//content/dam/family/goods/4910152.jpg
栗山米菓　小さなばかうけわさび醤油味,108,https://www.family.co.jp/goods/snack/5032082.html,https://www.family.co.jp//content/dam/family/goods/5032082.jpg
ポテトチップス辛旨チリ味,108,https://www.family.co.jp/goods/snack/4824213.html,https://www.family.co.jp//content/dam/family/goods/4824213.jpg
なめらか抹茶プリンチョコ,138,https://www.family.co.jp/goods/snack/4821106.html,https://www.family.co.jp//content/dam/family/goods/4821106.jpg
カンロ　ぐむにーグミ,158,https://www.family.co.jp/goods/snack/4721444.html,https://www.family.co.jp//content/dam/family/goods/4721444.jpg
カンロ　プチポリ納豆ツンとくるわさび味,149,https://www.family.co.jp/goods/snack/4721482.html,https://www.family.co.jp//content/dam/family/goods/4721482.jpg
RIZAP　カスタードプリン,183,https://www.family.co.jp/goods/snack/1910117.html,https://www.family.co.jp//content/dam/family/goods/1910117.jpg
クラシエ　ギャバいピーチソフトキャンディ,140,https://www.family.co.jp/goods/snack/4721185.html,https://www.family.co.jp//content/dam/family/goods/4721185.jpg
壮関　れんこんチップ瀬戸内レモン味,162,https://www.family.co.jp/goods/snack/4726524.html,https://www.family.co.jp//content/dam/family/goods/4726524.jpg
カンロ　うるおうドロップ,128,https://www.family.co.jp/goods/snack/4730569.html,https://www.family.co.jp//content/dam/family/goods/4730569.jpg
パイン　塩パインアメ,178,https://www.family.co.jp/goods/snack/4730842.html,https://www.family.co.jp//content/dam/family/goods/4730842.jpg
抹茶クッキーサンド,298,https://www.family.co.jp/goods/snack/4821083.html,https://www.family.co.jp//content/dam/family/goods/4821083.jpg
抹茶ストロベリーチョコ,280,https://www.family.co.jp/goods/snack/4821090.html,https://www.family.co.jp//content/dam/family/goods/4821090.jpg
カルビー　じゃがりこサワークリーム味bits,113,https://www.family.co.jp/goods/snack/4911074.html,https://www.family.co.jp//content/dam/family/goods/4911074.jpg
フリトレー　ハードマニア痺れる花椒味,145,https://www.family.co.jp/goods/snack/4923718.html,https://www.family.co.jp//content/dam/family/goods/4923718.jpg
金吾堂　うま辛ラー油せん,138,https://www.family.co.jp/goods/snack/5033812.html,https://www.family.co.jp//content/dam/family/goods/5033812.jpg
クリート　まぐろ三昧グミ,204,https://www.family.co.jp/goods/snack/4723158.html,https://www.family.co.jp//content/dam/family/goods/4723158.jpg
森永　アイスボックス塩タブレット,149,https://www.family.co.jp/goods/snack/4726081.html,https://www.family.co.jp//content/dam/family/goods/4726081.jpg
UHA味覚糖　GABAe-maのど飴　白桃,147,https://www.family.co.jp/goods/snack/4735410.html,https://www.family.co.jp//content/dam/family/goods/4735410.jpg
全農食品　愛媛県産レモン輪切りドライフルーツ,230,https://www.family.co.jp/goods/snack/4722564.html,https://www.family.co.jp//content/dam/family/goods/4722564.jpg
不二家　レモンスカッシュチョコレート,151,https://www.family.co.jp/goods/snack/4741916.html,https://www.family.co.jp//content/dam/family/goods/4741916.jpg
カルビー　くせになるポテトチップスしあわせバターレモン風味,141,https://www.family.co.jp/goods/snack/4912101.html,https://www.family.co.jp//content/dam/family/goods/4912101.jpg
カバヤ　タフグミ岩塩レモン,194,https://www.family.co.jp/goods/snack/4723400.html,https://www.family.co.jp//content/dam/family/goods/4723400.jpg
二度焼き醤油せんべい,108,https://www.family.co.jp/goods/snack/4823193.html,https://www.family.co.jp//content/dam/family/goods/4823193.jpg
パイン　塩スイカアメ,178,https://www.family.co.jp/goods/snack/4730811.html,https://www.family.co.jp//content/dam/family/goods/4730811.jpg
RIZAP　ぶどうゼリー,210,https://www.family.co.jp/goods/snack/1931877.html,https://www.family.co.jp//content/dam/family/goods/1931877.jpg
森永　ミニエンゼルパイミルクキャラメル,216,https://www.family.co.jp/goods/snack/4816706.html,https://www.family.co.jp//content/dam/family/goods/4816706.jpg
抹茶クランチチョコ,138,https://www.family.co.jp/goods/snack/4821076.html,https://www.family.co.jp//content/dam/family/goods/4821076.jpg
ツンとした辛さがクセになるわさび柿ピー,138,https://www.family.co.jp/goods/snack/5020232.html,https://www.family.co.jp//content/dam/family/goods/5020232.jpg
やわらかいかフライ,258,https://www.family.co.jp/goods/snack/5011377.html,https://www.family.co.jp//content/dam/family/goods/5011377.jpg
明治　果汁グミ　ラ・フランス,140,https://www.family.co.jp/goods/snack/4726661.html,https://www.family.co.jp//content/dam/family/goods/4726661.jpg
スイートボックス　フライドポテト　アンチョビガーリック味,150,https://www.family.co.jp/goods/snack/4916901.html,https://www.family.co.jp//content/dam/family/goods/4916901.jpg
チーズいか,324,https://www.family.co.jp/goods/snack/5010851.html,https://www.family.co.jp//content/dam/family/goods/5010851.jpg
ライオン菓子　そのまんま甘夏,204,https://www.family.co.jp/goods/snack/4727903.html,https://www.family.co.jp//content/dam/family/goods/4727903.jpg
アサヒ　ミンティア梅,103,https://www.family.co.jp/goods/snack/4725671.html,https://www.family.co.jp//content/dam/family/goods/4725671.jpg
なとり　種ぬき干し梅,159,https://www.family.co.jp/goods/snack/4728085.html,https://www.family.co.jp//content/dam/family/goods/4728085.jpg
ライオン菓子　湘南ゴールドのど飴,128,https://www.family.co.jp/goods/snack/4731559.html,https://www.family.co.jp//content/dam/family/goods/4731559.jpg
ロッテ　アーモンドチョコレート塩キャラメル,183,https://www.family.co.jp/goods/snack/4745389.html,https://www.family.co.jp//content/dam/family/goods/4745389.jpg
ライオン菓子　ナタデココ杏仁ピーチグミ,194,https://www.family.co.jp/goods/snack/4721987.html,https://www.family.co.jp//content/dam/family/goods/4721987.jpg
UHA味覚糖　コロロ鶴姫レッド,160,https://www.family.co.jp/goods/snack/4724773.html,https://www.family.co.jp//content/dam/family/goods/4724773.jpg
ベビースターラーメン丸香ばしチキン味,108,https://www.family.co.jp/goods/snack/4824077.html,https://www.family.co.jp//content/dam/family/goods/4824077.jpg
ザクじゃが黒胡椒味,118,https://www.family.co.jp/goods/snack/4824084.html,https://www.family.co.jp//content/dam/family/goods/4824084.jpg
RIZAP　チーズケーキSpecialブリュレ仕立て,213,https://www.family.co.jp/goods/snack/1910322.html,https://www.family.co.jp//content/dam/family/goods/1910322.jpg
たっぷり食べたい！マンゴーヨーグルト,198,https://www.family.co.jp/goods/snack/1920369.html,https://www.family.co.jp//content/dam/family/goods/1920369.jpg
全農食品　和歌山県産南高梅ひとくちドライフルーツ,230,https://www.family.co.jp/goods/snack/4722496.html,https://www.family.co.jp//content/dam/family/goods/4722496.jpg
6種の唐辛子使用　暴君ハバネロ,108,https://www.family.co.jp/goods/snack/4823384.html,https://www.family.co.jp//content/dam/family/goods/4823384.jpg
枝豆スナックほんのり塩味,108,https://www.family.co.jp/goods/snack/4823391.html,https://www.family.co.jp//content/dam/family/goods/4823391.jpg
厚切りポテトチップス濃厚サワークリームオニオン味,138,https://www.family.co.jp/goods/snack/4824282.html,https://www.family.co.jp//content/dam/family/goods/4824282.jpg
ロッテ　くちどけにこだわったプチチョコパイ　バスクチーズケーキ,228,https://www.family.co.jp/goods/snack/4815761.html,https://www.family.co.jp//content/dam/family/goods/4815761.jpg
カンロ　日本でそだったぶどうのど飴小袋,128,https://www.family.co.jp/goods/snack/4730644.html,https://www.family.co.jp//content/dam/family/goods/4730644.jpg
ばかうけ揚せんべい梅味,108,https://www.family.co.jp/goods/snack/4823407.html,https://www.family.co.jp//content/dam/family/goods/4823407.jpg
スーパー大麦入りラスクジェノベーゼ味,138,https://www.family.co.jp/goods/snack/4823292.html,https://www.family.co.jp//content/dam/family/goods/4823292.jpg
サングリーン　ドライマンゴー,205,https://www.family.co.jp/goods/snack/4728030.html,https://www.family.co.jp//content/dam/family/goods/4728030.jpg
トルティーヤチップス　スパイシータコス味,108,https://www.family.co.jp/goods/snack/4823353.html,https://www.family.co.jp//content/dam/family/goods/4823353.jpg
サッポロポテトバーベQあじ,108,https://www.family.co.jp/goods/snack/4823377.html,https://www.family.co.jp//content/dam/family/goods/4823377.jpg
ほどよい辛さのあらびきスライスサラミ,410,https://www.family.co.jp/goods/snack/5011001.html,https://www.family.co.jp//content/dam/family/goods/5011001.jpg
やみつきなおいしさなげわ　うま塩味,108,https://www.family.co.jp/goods/snack/4824053.html,https://www.family.co.jp//content/dam/family/goods/4824053.jpg
たっぷり食べたいプリン,308,https://www.family.co.jp/goods/snack/1910124.html,https://www.family.co.jp//content/dam/family/goods/1910124.jpg
UHA味覚糖　麻ピー,183,https://www.family.co.jp/goods/snack/5027521.html,https://www.family.co.jp//content/dam/family/goods/5027521.jpg
厚切りポテトチップスバター醤油味,138,https://www.family.co.jp/goods/snack/4824237.html,https://www.family.co.jp//content/dam/family/goods/4824237.jpg
チョコを味わうコーンチョコ,108,https://www.family.co.jp/goods/snack/4820970.html,https://www.family.co.jp//content/dam/family/goods/4820970.jpg
ポテトチップス濃いめのり塩,108,https://www.family.co.jp/goods/snack/4824206.html,https://www.family.co.jp//content/dam/family/goods/4824206.jpg
変わらぬおいしさひとくち歌舞伎揚,108,https://www.family.co.jp/goods/snack/4823285.html,https://www.family.co.jp//content/dam/family/goods/4823285.jpg
波型厚切りポテトチップスうましお味,213,https://www.family.co.jp/goods/snack/4824138.html,https://www.family.co.jp//content/dam/family/goods/4824138.jpg
波型厚切りポテトチップスのりしお味,213,https://www.family.co.jp/goods/snack/4824152.html,https://www.family.co.jp//content/dam/family/goods/4824152.jpg
ＵＨＡ味覚糖　マヌカ蜜のど飴小袋,128,https://www.family.co.jp/goods/snack/4735182.html,https://www.family.co.jp//content/dam/family/goods/4735182.jpg
明治　ジンジャーミルクチョコレート,142,https://www.family.co.jp/goods/snack/4743477.html,https://www.family.co.jp//content/dam/family/goods/4743477.jpg
厳選１０種のおつまみミックス,108,https://www.family.co.jp/goods/snack/4823018.html,https://www.family.co.jp//content/dam/family/goods/4823018.jpg
ポテトチップス絶品うすしお味,108,https://www.family.co.jp/goods/snack/4824121.html,https://www.family.co.jp//content/dam/family/goods/4824121.jpg
すっきりとした酸味のひとくちカリカリ梅,158,https://www.family.co.jp/goods/snack/4724193.html,https://www.family.co.jp//content/dam/family/goods/4724193.jpg
深煎りピーナッツのピーナッツチョコ,108,https://www.family.co.jp/goods/snack/4820963.html,https://www.family.co.jp//content/dam/family/goods/4820963.jpg
ザクッと香ばしい大麦しおせんべい,127,https://www.family.co.jp/goods/snack/4823162.html,https://www.family.co.jp//content/dam/family/goods/4823162.jpg
やさしい甘さ大麦どうぶつビスケット,118,https://www.family.co.jp/goods/snack/4821915.html,https://www.family.co.jp//content/dam/family/goods/4821915.jpg
大麦クランチチョコ,127,https://www.family.co.jp/goods/snack/4820833.html,https://www.family.co.jp//content/dam/family/goods/4820833.jpg
無着色のひとくちカリカリ梅,158,https://www.family.co.jp/goods/snack/4724155.html,https://www.family.co.jp//content/dam/family/goods/4724155.jpg
マヨネーズ付きあたりめ,321,https://www.family.co.jp/goods/snack/5011056.html,https://www.family.co.jp//content/dam/family/goods/5011056.jpg
かむほど旨い焼きするめげそ,138,https://www.family.co.jp/goods/snack/5011063.html,https://www.family.co.jp//content/dam/family/goods/5011063.jpg
かむほど旨いあたりめ,138,https://www.family.co.jp/goods/snack/5011049.html,https://www.family.co.jp//content/dam/family/goods/5011049.jpg
大麦入りベイクドポテトうましお味,118,https://www.family.co.jp/goods/snack/4824176.html,https://www.family.co.jp//content/dam/family/goods/4824176.jpg
ソフトいかフライ　ソース＆マヨネーズ風味,108,https://www.family.co.jp/goods/snack/5011179.html,https://www.family.co.jp//content/dam/family/goods/5011179.jpg
旨みのきいた塩で味付けしたいか天＆のり天,108,https://www.family.co.jp/goods/snack/5011254.html,https://www.family.co.jp//content/dam/family/goods/5011254.jpg
クランベリーチョコ,149,https://www.family.co.jp/goods/snack/4820871.html,https://www.family.co.jp//content/dam/family/goods/4820871.jpg
なめらかプリンチョコ,138,https://www.family.co.jp/goods/snack/4820918.html,https://www.family.co.jp//content/dam/family/goods/4820918.jpg
チョコスティック,108,https://www.family.co.jp/goods/snack/4820925.html,https://www.family.co.jp//content/dam/family/goods/4820925.jpg
うす焼せんべいあっさり塩味,108,https://www.family.co.jp/goods/snack/4823124.html,https://www.family.co.jp//content/dam/family/goods/4823124.jpg
こだわりの揚げ餅塩味,127,https://www.family.co.jp/goods/snack/4823056.html,https://www.family.co.jp//content/dam/family/goods/4823056.jpg
こだわりの揚げ餅醤油味,127,https://www.family.co.jp/goods/snack/4823094.html,https://www.family.co.jp//content/dam/family/goods/4823094.jpg
生うにを使用うに揚げせん,127,https://www.family.co.jp/goods/snack/4823131.html,https://www.family.co.jp//content/dam/family/goods/4823131.jpg
濃厚コーンポタージュせんべい,108,https://www.family.co.jp/goods/snack/4823278.html,https://www.family.co.jp//content/dam/family/goods/4823278.jpg
ふんわりソフトさきいか,311,https://www.family.co.jp/goods/snack/5011353.html,https://www.family.co.jp//content/dam/family/goods/5011353.jpg
チョコがたっぷりチョコシュー,108,https://www.family.co.jp/goods/snack/4820826.html,https://www.family.co.jp//content/dam/family/goods/4820826.jpg
チーズインスティック薫るブラックペッパー味,108,https://www.family.co.jp/goods/snack/4823339.html,https://www.family.co.jp//content/dam/family/goods/4823339.jpg
昆布香るサラダかきもち,118,https://www.family.co.jp/goods/snack/4823117.html,https://www.family.co.jp//content/dam/family/goods/4823117.jpg
天然えびをたっぷり使用リッチかっぱえびせん,108,https://www.family.co.jp/goods/snack/4823360.html,https://www.family.co.jp//content/dam/family/goods/4823360.jpg
胡麻の風味が豊かな黒糖かりんとう,108,https://www.family.co.jp/goods/snack/4823063.html,https://www.family.co.jp//content/dam/family/goods/4823063.jpg
いちご果汁入りふわふわマシュマロ,108,https://www.family.co.jp/goods/snack/4820123.html,https://www.family.co.jp//content/dam/family/goods/4820123.jpg
オー・ザック濃厚バーベキュー味,108,https://www.family.co.jp/goods/snack/4823346.html,https://www.family.co.jp//content/dam/family/goods/4823346.jpg
九州産米粉と醤油を使ったどんど揚げ,108,https://www.family.co.jp/goods/snack/4820109.html,https://www.family.co.jp//content/dam/family/goods/4820109.jpg
かわいいチョコビスケットのさくさくぱんだ,118,https://www.family.co.jp/goods/snack/4821069.html,https://www.family.co.jp//content/dam/family/goods/4821069.jpg
やわらか身厚の燻製さきいか,138,https://www.family.co.jp/goods/snack/5011384.html,https://www.family.co.jp//content/dam/family/goods/5011384.jpg
素材の甘み　いもけんぴ,108,https://www.family.co.jp/goods/snack/4824992.html,https://www.family.co.jp//content/dam/family/goods/4824992.jpg
ごま２００％ミニアスパラガス,108,https://www.family.co.jp/goods/snack/4821892.html,https://www.family.co.jp//content/dam/family/goods/4821892.jpg
薫り豊かなスモークチーズ,306,https://www.family.co.jp/goods/snack/5011308.html,https://www.family.co.jp//content/dam/family/goods/5011308.jpg
風味豊かなカシューナッツ,348,https://www.family.co.jp/goods/snack/5020218.html,https://www.family.co.jp//content/dam/family/goods/5020218.jpg
２種のローストナッツ　カシューナッツ＆アーモンド,198,https://www.family.co.jp/goods/snack/5020454.html,https://www.family.co.jp//content/dam/family/goods/5020454.jpg
２種のローストナッツ　カシューナッツ＆マカダミア,238,https://www.family.co.jp/goods/snack/5020461.html,https://www.family.co.jp//content/dam/family/goods/5020461.jpg
食べごたえのあるおいしさ　大きな柿の種,118,https://www.family.co.jp/goods/snack/4823025.html,https://www.family.co.jp//content/dam/family/goods/4823025.jpg
サクッと軽く香ばしい麦チョコ,108,https://www.family.co.jp/goods/snack/4821120.html,https://www.family.co.jp//content/dam/family/goods/4821120.jpg
なめらかなチョコを味わうチョコビスケット,108,https://www.family.co.jp/goods/snack/4821137.html,https://www.family.co.jp//content/dam/family/goods/4821137.jpg
黒胡椒が香る　ビーフジャーキー,408,https://www.family.co.jp/goods/snack/5011360.html,https://www.family.co.jp//content/dam/family/goods/5011360.jpg
ひとくちサイズのおにぎりせんべい,108,https://www.family.co.jp/goods/snack/4823100.html,https://www.family.co.jp//content/dam/family/goods/4823100.jpg
ポテトチップスホットチリ味,108,https://www.family.co.jp/goods/snack/4824251.html,https://www.family.co.jp//content/dam/family/goods/4824251.jpg
北海道産　皮つき鮭とば,408,https://www.family.co.jp/goods/snack/5011155.html,https://www.family.co.jp//content/dam/family/goods/5011155.jpg
スパイシーでコク深い濃厚カレーせん,108,https://www.family.co.jp/goods/snack/4823186.html,https://www.family.co.jp//content/dam/family/goods/4823186.jpg
北海道産あずきのあんを使った　ミニしるこサンド,108,https://www.family.co.jp/goods/snack/4820086.html,https://www.family.co.jp//content/dam/family/goods/4820086.jpg
２種のカカオをブレンドしたチョコフレーク,108,https://www.family.co.jp/goods/snack/4820956.html,https://www.family.co.jp//content/dam/family/goods/4820956.jpg
濃厚な海老の風味　らいすちっぷす,108,https://www.family.co.jp/goods/snack/4824244.html,https://www.family.co.jp//content/dam/family/goods/4824244.jpg
１日不足分の鉄分が補えるちいさなオールレーズン,118,https://www.family.co.jp/goods/snack/4821977.html,https://www.family.co.jp//content/dam/family/goods/4821977.jpg
濃厚な甘み　メープルくるみ,192,https://www.family.co.jp/goods/snack/4724179.html,https://www.family.co.jp//content/dam/family/goods/4724179.jpg
素材の風味を活かした　炙りいかそうめん,138,https://www.family.co.jp/goods/snack/5011285.html,https://www.family.co.jp//content/dam/family/goods/5011285.jpg
ココナッツの味が濃いココナッツサブレ　ミニ,108,https://www.family.co.jp/goods/snack/4821939.html,https://www.family.co.jp//content/dam/family/goods/4821939.jpg
５種ミックスナッツ＆フルーツ,170,https://www.family.co.jp/goods/snack/4724377.html,https://www.family.co.jp//content/dam/family/goods/4724377.jpg
チーズインスティック濃厚３種のチーズ味,108,https://www.family.co.jp/goods/snack/4823247.html,https://www.family.co.jp//content/dam/family/goods/4823247.jpg
焼するめ　ピリ辛醤油味,158,https://www.family.co.jp/goods/snack/5011018.html,https://www.family.co.jp//content/dam/family/goods/5011018.jpg
バター香るしっとり厚切りバウムクーヘン（１０個入り）,321,https://www.family.co.jp/goods/snack/1324624.html,https://www.family.co.jp//content/dam/family/goods/1324624.jpg
ポテトチップス濃厚コンソメ味,108,https://www.family.co.jp/goods/snack/4824190.html,https://www.family.co.jp//content/dam/family/goods/4824190.jpg
有機栽培のめぐみ天津甘栗,138,https://www.family.co.jp/goods/snack/4724186.html,https://www.family.co.jp//content/dam/family/goods/4724186.jpg
ふんわりミルクドーナツ,321,https://www.family.co.jp/goods/snack/1324631.html,https://www.family.co.jp//content/dam/family/goods/1324631.jpg
かーるいチーズスナック,108,https://www.family.co.jp/goods/snack/4824015.html,https://www.family.co.jp//content/dam/family/goods/4824015.jpg
紀州南高梅酢仕立て茎わかめ,138,https://www.family.co.jp/goods/snack/4724278.html,https://www.family.co.jp//content/dam/family/goods/4724278.jpg
サクサク食感のコーンポタージュ,108,https://www.family.co.jp/goods/snack/4823230.html,https://www.family.co.jp//content/dam/family/goods/4823230.jpg
素材の旨み皮つきさきいか,311,https://www.family.co.jp/goods/snack/5011124.html,https://www.family.co.jp//content/dam/family/goods/5011124.jpg
カリッと香ばしいバタピー,138,https://www.family.co.jp/goods/snack/5020287.html,https://www.family.co.jp//content/dam/family/goods/5020287.jpg
２種の醤油で仕上げたあとひき柿ピー,138,https://www.family.co.jp/goods/snack/5023080.html,https://www.family.co.jp//content/dam/family/goods/5023080.jpg
国産米粉のサクッとピーナッツ揚げ,108,https://www.family.co.jp/goods/snack/4823179.html,https://www.family.co.jp//content/dam/family/goods/4823179.jpg
素材の旨み海鮮ミックス,108,https://www.family.co.jp/goods/snack/4823223.html,https://www.family.co.jp//content/dam/family/goods/4823223.jpg
トロピカルマンゴー,170,https://www.family.co.jp/goods/snack/4724346.html,https://www.family.co.jp//content/dam/family/goods/4724346.jpg
ジューシーパイナップル,170,https://www.family.co.jp/goods/snack/4724353.html,https://www.family.co.jp//content/dam/family/goods/4724353.jpg
パリパリいかせんみりん醤油風味,108,https://www.family.co.jp/goods/snack/4823216.html,https://www.family.co.jp//content/dam/family/goods/4823216.jpg
ふんわりポップコーン２種のあっさりしお味,108,https://www.family.co.jp/goods/snack/4824268.html,https://www.family.co.jp//content/dam/family/goods/4824268.jpg
コクと旨みのえび大判焼き,108,https://www.family.co.jp/goods/snack/4823070.html,https://www.family.co.jp//content/dam/family/goods/4823070.jpg
人気の４種をセレクトミックスナッツ,388,https://www.family.co.jp/goods/snack/5020256.html,https://www.family.co.jp//content/dam/family/goods/5020256.jpg
塩と油を使ってない４種のミックスナッツ,388,https://www.family.co.jp/goods/snack/5020263.html,https://www.family.co.jp//content/dam/family/goods/5020263.jpg
塩と油を使っていない素焼きのアーモンド,138,https://www.family.co.jp/goods/snack/4724209.html,https://www.family.co.jp//content/dam/family/goods/4724209.jpg
しっとり食感のひとくちカステラ,108,https://www.family.co.jp/goods/snack/4820178.html,https://www.family.co.jp//content/dam/family/goods/4820178.jpg
２種の塩で仕上げたスーパーおっとっと,108,https://www.family.co.jp/goods/snack/4820185.html,https://www.family.co.jp//content/dam/family/goods/4820185.jpg
国産ほたての焼貝ひも,138,https://www.family.co.jp/goods/snack/5011162.html,https://www.family.co.jp//content/dam/family/goods/5011162.jpg
ポリンキー濃いめんたい味,108,https://www.family.co.jp/goods/snack/4824299.html,https://www.family.co.jp//content/dam/family/goods/4824299.jpg
シャキッと食感みかんゼリー,142,https://www.family.co.jp/goods/snack/1930283.html,https://www.family.co.jp//content/dam/family/goods/1930283.jpg
種ぬきはちみつ干し梅,158,https://www.family.co.jp/goods/snack/4724148.html,https://www.family.co.jp//content/dam/family/goods/4724148.jpg
ひとくちサイズのチョコチップクッキー,108,https://www.family.co.jp/goods/snack/4822011.html,https://www.family.co.jp//content/dam/family/goods/4822011.jpg
チョコをつつんだふんわりマシュマロ,108,https://www.family.co.jp/goods/snack/4820888.html,https://www.family.co.jp//content/dam/family/goods/4820888.jpg
サクッと香ばしい小さなチョコの木,108,https://www.family.co.jp/goods/snack/4820840.html,https://www.family.co.jp//content/dam/family/goods/4820840.jpg
えんどう豆１００％スナック,108,https://www.family.co.jp/goods/snack/4824046.html,https://www.family.co.jp//content/dam/family/goods/4824046.jpg
まるごとドライオレンジ,164,https://www.family.co.jp/goods/snack/4724391.html,https://www.family.co.jp//content/dam/family/goods/4724391.jpg
ピリ辛焼かまぼこ,108,https://www.family.co.jp/goods/snack/4822998.html,https://www.family.co.jp//content/dam/family/goods/4822998.jpg
カリッとローストピスタチオ,388,https://www.family.co.jp/goods/snack/5020355.html,https://www.family.co.jp//content/dam/family/goods/5020355.jpg
桜チップで薫製したうずらたまご,250,https://www.family.co.jp/goods/snack/5014781.html,https://www.family.co.jp//content/dam/family/goods/5014781.jpg
海老だし旨塩のひねり揚げ,108,https://www.family.co.jp/goods/snack/4823209.html,https://www.family.co.jp//content/dam/family/goods/4823209.jpg
おしゃぶり昆布紀州梅,138,https://www.family.co.jp/goods/snack/4724117.html,https://www.family.co.jp//content/dam/family/goods/4724117.jpg
まろやかミニバタークッキー,108,https://www.family.co.jp/goods/snack/4821991.html,https://www.family.co.jp//content/dam/family/goods/4821991.jpg
メキシカンチップススパイシータコス味,108,https://www.family.co.jp/goods/snack/4824107.html,https://www.family.co.jp//content/dam/family/goods/4824107.jpg
練乳はちみつドーナツ,108,https://www.family.co.jp/goods/snack/4825043.html,https://www.family.co.jp//content/dam/family/goods/4825043.jpg
スパイシーなビーフジャーキー,128,https://www.family.co.jp/goods/snack/5017836.html,https://www.family.co.jp//content/dam/family/goods/5017836.jpg
牛もも赤身ビーフジャーキー,410,https://www.family.co.jp/goods/snack/5010974.html,https://www.family.co.jp//content/dam/family/goods/5010974.jpg
スパイスが効いたジャッキーカルパス,306,https://www.family.co.jp/goods/snack/5010981.html,https://www.family.co.jp//content/dam/family/goods/5010981.jpg
風味ゆたかなチーズ鱈,306,https://www.family.co.jp/goods/snack/5010998.html,https://www.family.co.jp//content/dam/family/goods/5010998.jpg
サクサクとろけるしみチョココーン,108,https://www.family.co.jp/goods/snack/4821021.html,https://www.family.co.jp//content/dam/family/goods/4821021.jpg
さっくり食感のバニラクリームサンドクラッカー,108,https://www.family.co.jp/goods/snack/4822059.html,https://www.family.co.jp//content/dam/family/goods/4822059.jpg
じゃがスティックあっさりうましお味,108,https://www.family.co.jp/goods/snack/4824008.html,https://www.family.co.jp//content/dam/family/goods/4824008.jpg
ふんわり甘いキャラメルコーン,108,https://www.family.co.jp/goods/snack/4824022.html,https://www.family.co.jp//content/dam/family/goods/4824022.jpg
おつまみイカフライ,108,https://www.family.co.jp/goods/snack/4823049.html,https://www.family.co.jp//content/dam/family/goods/4823049.jpg
サクサクおいしいうま塩あられ,108,https://www.family.co.jp/goods/snack/4823087.html,https://www.family.co.jp//content/dam/family/goods/4823087.jpg
