パキチョコ&ラングドシャサンド（チーズ）,168,https://www.family.co.jp/goods/dessert/1940213.html
夏のフルーツロール　マンゴートライフル,258,https://www.family.co.jp/goods/dessert/1940107.html
たべる牧場スフレプリン,288,https://www.family.co.jp/goods/dessert/1940008.html
レアチーズシュー,138,https://www.family.co.jp/goods/dessert/1943016.html
ねっとりプリンのもちもちクレープ,170,https://www.family.co.jp/goods/dessert/1944013.html
クリームほおばるチーズケーキ,258,https://www.family.co.jp/goods/dessert/1940251.html
北海道チーズのブリュレチーズケーキ,268,https://www.family.co.jp/goods/dessert/1940206.html
冷やして食べるフレンチトースト,198,https://www.family.co.jp/goods/dessert/1940176.html
ザクっと食感のクッキーシュー,150,https://www.family.co.jp/goods/dessert/1943078.html
ふわとろティラミス,280,https://www.family.co.jp/goods/dessert/1940305.html
紅茶のシフォンサンド,248,https://www.family.co.jp/goods/dessert/1940299.html
ねっとりイタリアンプリン,213,https://www.family.co.jp/goods/dessert/1945119.html
香ばしいクッキーのクリームサンド（コーヒー）,138,https://www.family.co.jp/goods/dessert/1940022.html
チョコバナナクレープ,298,https://www.family.co.jp/goods/dessert/1944020.html
ブリュレパンケーキ,298,https://www.family.co.jp/goods/dessert/1940190.html
クリームたっぷりコーヒーゼリー,248,https://www.family.co.jp/goods/dessert/1945102.html
香ばしスイートポテト,198,https://www.family.co.jp/goods/dessert/1940183.html
スフレ・プリン,278,https://www.family.co.jp/goods/dessert/1940053.html
旨み抹茶チーズケーキバウム,258,https://www.family.co.jp/goods/dessert/1940220.html
窯出しプリンのパフェ,298,https://www.family.co.jp/goods/dessert/1940428.html
とろける生チーズケーキ,288,https://www.family.co.jp/goods/dessert/1940350.html
たっぷりクリームのダブルシュー,149,https://www.family.co.jp/goods/dessert/1943153.html
デビルズチョコケーキ,258,https://www.family.co.jp/goods/dessert/1940381.html
窯出しとろけるプリン,128,https://www.family.co.jp/goods/dessert/1945010.html
焼きチーズタルト,168,https://www.family.co.jp/goods/dessert/1944006.html
クリームたっぷり！濃厚カスタードシュー,129,https://www.family.co.jp/goods/dessert/1943108.html
生チョコのもちもちクレープ,170,https://www.family.co.jp/goods/dessert/1944136.html
サクッと食感のチョコスティックドーナツ（カスタードホイップ）,149,https://www.family.co.jp/goods/dessert/1940329.html
冷やして食べるしっとり食感のバウム,158,https://www.family.co.jp/goods/dessert/1940060.html
ダブルクリームサンド（ホイップ＆カスタード）,138,https://www.family.co.jp/goods/dessert/1940152.html
大きな白玉クリームぜんざい,290,https://www.family.co.jp/goods/wagashi/1947076.html
あんバタークリームサンド,168,https://www.family.co.jp/goods/wagashi/1947021.html
みかんの牛乳寒天,185,https://www.family.co.jp/goods/wagashi/1947069.html
ひとくち黒蜜きなこ大福,128,https://www.family.co.jp/goods/wagashi/1310795.html
いちごみるくわらび餅,228,https://www.family.co.jp/goods/wagashi/1947038.html
ちょこっとようかん抹茶,138,https://www.family.co.jp/goods/wagashi/1313055.html
黒みつしみうま生どら焼,298,https://www.family.co.jp/goods/wagashi/1947045.html
すいーとぽてと,140,https://www.family.co.jp/goods/wagashi/1315028.html
どら焼（こしあん）,128,https://www.family.co.jp/goods/wagashi/1314625.html
塩豆大福,140,https://www.family.co.jp/goods/wagashi/1310894.html
きんつば,149,https://www.family.co.jp/goods/wagashi/1314656.html
煉羊羹,78,https://www.family.co.jp/goods/wagashi/1314557.html
ひとくちこしあん大福,138,https://www.family.co.jp/goods/wagashi/1310917.html
小豆最中,78,https://www.family.co.jp/goods/wagashi/1310900.html
国産小麦のしっとりカステラ,128,https://www.family.co.jp/goods/wagashi/1313024.html
どら焼（つぶあん）,128,https://www.family.co.jp/goods/wagashi/1314618.html
クリームたい焼きカスタード,140,https://www.family.co.jp/goods/wagashi/1947014.html
大きなフィナンシェ,238,https://www.family.co.jp/goods/baked_sweets/1322132.html
完熟バナナのパウンドケーキ,130,https://www.family.co.jp/goods/baked_sweets/1322156.html
完熟バナナとチョコチップのマフィン,140,https://www.family.co.jp/goods/baked_sweets/1322163.html
完熟バナナのバウムクーヘン,140,https://www.family.co.jp/goods/baked_sweets/1326185.html
完熟バナナのケーキ,120,https://www.family.co.jp/goods/baked_sweets/1326741.html
完熟バナナのソフトクッキー,110,https://www.family.co.jp/goods/baked_sweets/1322170.html
ジャスミンパウンドケーキ,130,https://www.family.co.jp/goods/baked_sweets/1322781.html
ジャスミンクッキー,138,https://www.family.co.jp/goods/baked_sweets/1326192.html
ミニチョコチップスコーン,128,https://www.family.co.jp/goods/baked_sweets/1324778.html
ブリュレを味わうバウム,168,https://www.family.co.jp/goods/baked_sweets/1322194.html
発酵バターを使ったこだわりのマドレーヌ,128,https://www.family.co.jp/goods/baked_sweets/1322729.html
レーズンサンド,118,https://www.family.co.jp/goods/baked_sweets/1326574.html
3種チーズのチーズケーキ,149,https://www.family.co.jp/goods/baked_sweets/1322217.html
RIZAP　コーヒーワッフル,160,https://www.family.co.jp/goods/baked_sweets/1326765.html
厚切りチョコケーキ,180,https://www.family.co.jp/goods/baked_sweets/1322514.html
発酵バターを使ったこだわりのフィナンシェ,128,https://www.family.co.jp/goods/baked_sweets/1322309.html
発酵バターを使ったこだわりのバウムクーヘン,128,https://www.family.co.jp/goods/baked_sweets/1322316.html
発酵バターを使ったこだわりのワッフル,138,https://www.family.co.jp/goods/baked_sweets/1326789.html
厚切りパウンドケーキ４種のフルーツ,150,https://www.family.co.jp/goods/baked_sweets/1322606.html
ローストアーモンドの香ばしフロランタン,138,https://www.family.co.jp/goods/baked_sweets/1322590.html
濃厚ミルクドーナツ,100,https://www.family.co.jp/goods/baked_sweets/1326734.html
オールドファッションドーナツ（チョコ）,108,https://www.family.co.jp/goods/donut/1538755.html
牛乳仕込みのミルクチュロッキー（北海道産牛乳使用）,108,https://www.family.co.jp/goods/donut/1538687.html
